image,prediction,confidence (%)
10004.jpg,buildings,68.5348
10005.jpg,mountain,81.98197
10012.jpg,street,98.76163
10013.jpg,mountain,95.11156
10017.jpg,mountain,97.66384
10021.jpg,forest,99.65952
1003.jpg,sea,99.76681
10034.jpg,glacier,99.9969
10038.jpg,sea,99.99968
10040.jpg,street,99.908104
10043.jpg,sea,98.09717
10045.jpg,street,99.882225
10047.jpg,mountain,93.5153
10048.jpg,buildings,99.1583
10052.jpg,buildings,99.99449
10054.jpg,glacier,99.321075
10059.jpg,forest,99.98741
10060.jpg,forest,99.991455
10066.jpg,mountain,96.401115
10069.jpg,sea,99.86695
10073.jpg,street,99.695564
10079.jpg,street,99.99917
1008.jpg,street,99.9688
10082.jpg,buildings,66.94241
10083.jpg,glacier,99.83168
10090.jpg,buildings,99.992874
10092.jpg,forest,99.88585
10096.jpg,mountain,99.65185
101.jpg,glacier,99.9943
10100.jpg,mountain,99.67448
10101.jpg,mountain,56.04396
10102.jpg,sea,97.33185
10106.jpg,mountain,99.08143
10109.jpg,sea,99.99975
10119.jpg,sea,94.16116
10124.jpg,mountain,81.20422
10127.jpg,sea,99.98007
10129.jpg,glacier,71.19947
10132.jpg,mountain,83.58491
10133.jpg,mountain,99.09982
10147.jpg,sea,99.661736
10157.jpg,street,99.503456
10158.jpg,glacier,96.39145
10159.jpg,mountain,85.438225
1016.jpg,sea,99.83173
10164.jpg,forest,99.99873
10166.jpg,mountain,98.2205
10168.jpg,glacier,99.93136
10169.jpg,street,99.5704
10171.jpg,glacier,92.00884
10173.jpg,buildings,90.667366
10175.jpg,buildings,98.03327
10178.jpg,forest,99.99888
10179.jpg,buildings,97.835526
1018.jpg,forest,99.99273
10187.jpg,sea,94.00586
10190.jpg,glacier,95.973656
10199.jpg,street,99.98238
1020.jpg,buildings,99.9832
10201.jpg,street,99.794655
10208.jpg,buildings,99.96171
10209.jpg,forest,99.9922
10211.jpg,glacier,91.47538
10212.jpg,sea,95.95139
10225.jpg,forest,99.98865
10226.jpg,mountain,94.91295
10232.jpg,glacier,93.28496
10233.jpg,street,98.67496
10241.jpg,forest,99.866196
10243.jpg,mountain,87.9427
10244.jpg,sea,48.926735
10246.jpg,forest,99.974724
10247.jpg,sea,98.09656
10253.jpg,street,99.99953
1026.jpg,forest,99.98525
10261.jpg,forest,99.97969
10269.jpg,mountain,99.54651
10270.jpg,sea,98.52189
10272.jpg,glacier,99.96921
10276.jpg,glacier,96.42301
10277.jpg,street,99.8447
10282.jpg,glacier,57.7173
10284.jpg,mountain,99.47237
10286.jpg,forest,99.96108
10287.jpg,forest,99.97407
10288.jpg,mountain,99.95572
10290.jpg,buildings,99.98609
10292.jpg,forest,99.898796
10293.jpg,glacier,79.36688
103.jpg,buildings,99.74498
10302.jpg,mountain,93.213745
10305.jpg,buildings,96.95202
10307.jpg,glacier,99.93537
10308.jpg,forest,99.98287
10311.jpg,forest,99.99155
10321.jpg,buildings,99.99786
10333.jpg,sea,98.7919
10336.jpg,mountain,74.075645
10339.jpg,sea,94.870735
10340.jpg,street,99.02798
10342.jpg,sea,99.86959
10352.jpg,street,99.87406
10356.jpg,buildings,99.773636
1036.jpg,mountain,98.710266
10360.jpg,forest,99.999535
10363.jpg,glacier,90.03863
10366.jpg,sea,99.966774
1037.jpg,street,99.62795
10371.jpg,forest,99.82838
10375.jpg,street,99.687164
10377.jpg,sea,99.99672
10381.jpg,street,84.483604
10388.jpg,forest,99.636826
1039.jpg,buildings,99.48267
10390.jpg,buildings,98.27657
10391.jpg,mountain,98.66473
10395.jpg,street,99.94028
10397.jpg,sea,99.937645
10400.jpg,mountain,99.82843
10401.jpg,mountain,97.132195
10405.jpg,mountain,95.54102
10406.jpg,mountain,62.482952
10409.jpg,mountain,99.09263
10410.jpg,sea,63.036026
10413.jpg,street,99.98242
10414.jpg,buildings,99.99996
10415.jpg,buildings,87.16007
10419.jpg,glacier,91.950455
10423.jpg,buildings,99.999916
10424.jpg,forest,99.934616
10425.jpg,sea,99.91572
10427.jpg,mountain,98.656784
10434.jpg,glacier,99.996796
10435.jpg,forest,99.998566
10436.jpg,mountain,98.47166
10437.jpg,buildings,52.91318
10439.jpg,glacier,94.80902
10445.jpg,forest,99.99807
10447.jpg,forest,99.94658
10457.jpg,buildings,59.416763
10458.jpg,forest,99.84593
1046.jpg,sea,86.632904
10461.jpg,street,99.91795
10469.jpg,sea,99.96895
10471.jpg,glacier,80.120995
10475.jpg,mountain,83.66747
10477.jpg,street,95.833
10478.jpg,sea,99.77879
10479.jpg,forest,99.949394
1048.jpg,glacier,96.44558
10481.jpg,forest,61.330067
10484.jpg,mountain,99.62322
10486.jpg,buildings,98.60709
1049.jpg,street,99.81603
10498.jpg,glacier,99.995255
10501.jpg,glacier,97.518425
1051.jpg,glacier,98.996346
10512.jpg,street,99.67762
1052.jpg,forest,99.973114
10522.jpg,forest,99.99125
10523.jpg,forest,99.96042
1053.jpg,buildings,98.73177
10530.jpg,glacier,99.61361
10531.jpg,street,99.91412
10534.jpg,glacier,95.732025
10535.jpg,mountain,98.243965
10538.jpg,mountain,96.26174
10545.jpg,sea,99.5024
10549.jpg,forest,99.99742
10557.jpg,mountain,97.12926
10558.jpg,glacier,94.69656
10560.jpg,street,99.999855
10561.jpg,forest,99.996635
10568.jpg,glacier,86.29492
10572.jpg,mountain,99.89643
10579.jpg,forest,99.99832
10583.jpg,forest,99.99975
10585.jpg,forest,99.53114
10586.jpg,street,99.71302
10587.jpg,street,99.55218
10590.jpg,street,99.96138
10591.jpg,buildings,99.9989
10593.jpg,buildings,84.82476
1060.jpg,glacier,99.12744
1061.jpg,mountain,99.57256
10612.jpg,sea,98.375435
10614.jpg,forest,98.68019
10615.jpg,sea,98.7886
10622.jpg,forest,99.99496
10625.jpg,sea,98.33645
10629.jpg,sea,73.81901
10631.jpg,sea,99.744865
10634.jpg,glacier,92.1548
10638.jpg,street,98.488106
10649.jpg,sea,96.69948
10651.jpg,glacier,99.786964
10652.jpg,mountain,76.754074
10657.jpg,forest,99.94398
1066.jpg,mountain,97.71534
10660.jpg,glacier,98.955185
10669.jpg,street,98.257935
10674.jpg,mountain,94.80447
10675.jpg,buildings,99.551216
10676.jpg,mountain,99.70257
10677.jpg,glacier,98.60893
10679.jpg,buildings,99.53268
10680.jpg,forest,99.99994
10682.jpg,glacier,99.53037
10685.jpg,sea,99.8769
10694.jpg,sea,99.8434
10696.jpg,mountain,71.38169
10698.jpg,forest,99.066475
1070.jpg,forest,99.95287
10700.jpg,buildings,95.305626
10701.jpg,glacier,99.6121
10702.jpg,mountain,98.011406
10708.jpg,sea,99.985016
1071.jpg,sea,99.99237
10712.jpg,street,99.7943
1072.jpg,sea,99.66658
10726.jpg,forest,99.99546
10733.jpg,street,99.37149
10734.jpg,forest,99.20298
10737.jpg,street,99.955376
10742.jpg,sea,99.44487
10746.jpg,buildings,99.999855
10748.jpg,street,98.77902
10749.jpg,street,69.787506
10755.jpg,forest,99.99924
10758.jpg,street,99.97272
1076.jpg,forest,99.956604
10760.jpg,glacier,98.90647
10762.jpg,glacier,99.989914
10764.jpg,street,99.965225
10768.jpg,forest,99.99369
10769.jpg,glacier,39.169724
10771.jpg,street,93.88154
10782.jpg,buildings,90.47177
10785.jpg,mountain,89.554146
10797.jpg,buildings,63.492382
10799.jpg,mountain,82.62554
10806.jpg,glacier,99.70176
10807.jpg,street,78.73317
1081.jpg,buildings,99.55534
10813.jpg,sea,99.99525
10814.jpg,street,98.063446
10816.jpg,glacier,87.07475
10817.jpg,street,99.80198
10818.jpg,street,99.760254
10819.jpg,glacier,76.03735
1082.jpg,buildings,80.659904
10823.jpg,buildings,99.99315
10829.jpg,forest,99.9944
1083.jpg,street,99.998436
10830.jpg,street,99.98394
10836.jpg,glacier,99.99704
10839.jpg,glacier,99.636856
1084.jpg,buildings,99.978
10843.jpg,buildings,86.678604
10844.jpg,sea,88.75151
10855.jpg,buildings,99.66349
10858.jpg,forest,99.95495
1086.jpg,glacier,93.31843
10860.jpg,street,97.995514
10864.jpg,glacier,99.41889
10866.jpg,sea,99.98495
10869.jpg,mountain,78.1059
10871.jpg,street,99.9943
10873.jpg,forest,99.99786
10875.jpg,glacier,60.842144
10879.jpg,forest,99.92193
10880.jpg,buildings,99.95633
10885.jpg,glacier,84.713
10888.jpg,mountain,95.05217
10890.jpg,mountain,99.94334
10893.jpg,sea,87.69404
10894.jpg,sea,99.92637
10897.jpg,glacier,99.9728
10901.jpg,glacier,65.18736
10905.jpg,sea,99.678185
10906.jpg,street,99.95321
10910.jpg,forest,98.940384
10913.jpg,street,57.923615
10914.jpg,buildings,99.9968
10918.jpg,sea,91.36355
10919.jpg,glacier,98.681984
1092.jpg,glacier,99.72315
10920.jpg,street,93.50495
10923.jpg,forest,99.98743
10930.jpg,sea,99.97608
10931.jpg,buildings,99.999916
10933.jpg,mountain,99.7516
10934.jpg,buildings,98.780235
10939.jpg,mountain,57.40085
10944.jpg,glacier,99.58489
10945.jpg,buildings,99.99367
10949.jpg,street,97.13098
1095.jpg,mountain,94.21235
10952.jpg,buildings,99.95149
10956.jpg,mountain,99.02296
10957.jpg,glacier,93.51343
10960.jpg,buildings,99.27382
10964.jpg,glacier,95.11202
10968.jpg,street,91.46465
10969.jpg,glacier,99.92429
10976.jpg,buildings,99.99915
10979.jpg,mountain,68.15527
10981.jpg,mountain,99.82475
10987.jpg,buildings,53.910065
10988.jpg,glacier,96.36457
10989.jpg,forest,99.99818
10991.jpg,forest,99.99428
10998.jpg,forest,99.99915
10999.jpg,street,99.49454
11.jpg,sea,85.86066
110.jpg,mountain,83.78356
11000.jpg,sea,87.22808
11001.jpg,mountain,43.553562
11005.jpg,buildings,61.43609
11009.jpg,glacier,99.96315
1101.jpg,street,99.99994
11012.jpg,street,88.96018
11013.jpg,sea,95.93753
11014.jpg,street,99.99571
11015.jpg,mountain,93.00865
11017.jpg,mountain,82.61025
1102.jpg,sea,59.782856
11021.jpg,forest,99.92781
11022.jpg,sea,99.97465
11025.jpg,glacier,97.088974
11031.jpg,sea,92.238205
11038.jpg,buildings,99.85868
11059.jpg,mountain,84.35727
11061.jpg,forest,99.989494
11065.jpg,glacier,99.925644
11067.jpg,glacier,81.86821
11071.jpg,sea,50.792133
11073.jpg,buildings,88.13399
11078.jpg,buildings,99.9936
11079.jpg,sea,88.847984
11082.jpg,buildings,99.99944
11087.jpg,forest,99.99407
1109.jpg,street,98.58147
11091.jpg,street,99.52054
11101.jpg,forest,99.99764
11102.jpg,sea,98.971344
11103.jpg,glacier,51.179134
11104.jpg,street,99.97341
11105.jpg,forest,94.32032
11109.jpg,street,99.700134
11115.jpg,mountain,82.884476
11119.jpg,street,96.84044
11120.jpg,sea,98.95376
11121.jpg,mountain,99.571106
11123.jpg,sea,99.877914
11126.jpg,sea,99.9996
1113.jpg,sea,99.48409
11130.jpg,street,94.68396
11135.jpg,street,87.19144
11137.jpg,glacier,82.73793
1114.jpg,street,99.98389
11145.jpg,street,53.56027
11147.jpg,street,99.19034
11153.jpg,glacier,99.999596
11155.jpg,glacier,99.76872
11158.jpg,mountain,96.397736
11159.jpg,street,99.977615
11163.jpg,sea,99.72235
11166.jpg,mountain,99.44462
11167.jpg,mountain,97.84541
11170.jpg,street,99.87982
11172.jpg,sea,63.109905
11174.jpg,sea,99.70999
11175.jpg,buildings,67.659004
11179.jpg,street,99.96278
1119.jpg,sea,62.232685
11191.jpg,street,99.99895
11192.jpg,glacier,94.23197
11193.jpg,mountain,58.979122
11194.jpg,street,99.92823
11195.jpg,glacier,95.70491
11201.jpg,sea,99.95483
11205.jpg,buildings,99.99843
11208.jpg,forest,99.99689
11210.jpg,buildings,99.9908
11214.jpg,buildings,93.24438
11216.jpg,street,99.92343
11222.jpg,sea,99.961494
11224.jpg,buildings,54.05394
11227.jpg,buildings,99.940285
1123.jpg,sea,94.24402
11230.jpg,sea,99.226166
11240.jpg,forest,99.998856
11242.jpg,glacier,99.42589
11243.jpg,glacier,97.12978
11245.jpg,buildings,72.48965
11248.jpg,glacier,99.99281
1125.jpg,glacier,91.006065
11250.jpg,street,89.78624
11252.jpg,sea,99.10146
11256.jpg,forest,99.84222
11258.jpg,street,99.96736
11260.jpg,mountain,99.09099
11269.jpg,sea,99.89208
11273.jpg,street,87.860374
11285.jpg,buildings,99.999954
11298.jpg,street,99.98172
11299.jpg,glacier,98.19489
1130.jpg,glacier,90.83052
11301.jpg,glacier,99.67968
11308.jpg,mountain,84.68411
11318.jpg,sea,96.186714
11322.jpg,street,99.86696
11324.jpg,glacier,97.63826
11328.jpg,mountain,99.724785
11330.jpg,forest,99.960365
11335.jpg,street,93.41699
11337.jpg,forest,99.96312
11341.jpg,glacier,54.407608
11353.jpg,mountain,83.7408
11356.jpg,mountain,99.89211
11357.jpg,mountain,99.760506
1136.jpg,buildings,67.69906
11361.jpg,glacier,99.92454
11370.jpg,street,99.988686
11386.jpg,sea,99.99315
11391.jpg,mountain,59.04201
11392.jpg,glacier,99.82582
11394.jpg,mountain,62.032066
11397.jpg,buildings,83.42284
11399.jpg,buildings,99.61183
11403.jpg,forest,99.997185
11408.jpg,glacier,88.26105
1141.jpg,glacier,99.24748
11411.jpg,street,99.34323
11420.jpg,street,99.997536
11422.jpg,glacier,99.97136
11423.jpg,glacier,96.29868
11427.jpg,buildings,83.89724
1143.jpg,forest,99.88592
11430.jpg,mountain,99.76284
11431.jpg,street,99.87966
11433.jpg,glacier,95.25961
11435.jpg,mountain,58.464962
11443.jpg,street,54.67895
11444.jpg,forest,99.988686
11445.jpg,glacier,99.508026
11449.jpg,street,65.45843
11454.jpg,glacier,76.542725
11461.jpg,sea,99.90743
11462.jpg,mountain,99.75292
11463.jpg,mountain,64.13524
11478.jpg,sea,99.979836
11481.jpg,sea,97.93288
11485.jpg,mountain,97.84967
11486.jpg,street,99.03543
11488.jpg,buildings,99.97407
11496.jpg,sea,99.647835
1150.jpg,street,83.830284
11500.jpg,mountain,81.71931
11501.jpg,mountain,97.885544
11509.jpg,forest,99.99913
11511.jpg,glacier,58.13182
11517.jpg,forest,99.99941
11520.jpg,street,55.810757
11521.jpg,mountain,97.30605
11525.jpg,sea,87.97785
11527.jpg,street,99.88741
11529.jpg,glacier,98.52642
11531.jpg,street,52.704136
11533.jpg,buildings,97.93253
11538.jpg,mountain,98.60508
11540.jpg,sea,98.18236
11546.jpg,mountain,94.12701
11547.jpg,forest,99.994576
11548.jpg,glacier,95.939125
11549.jpg,glacier,92.891914
11551.jpg,sea,99.63688
11564.jpg,street,99.97814
11565.jpg,glacier,63.64677
11566.jpg,buildings,99.99941
11571.jpg,glacier,66.172226
11572.jpg,street,50.207455
11573.jpg,buildings,99.999985
11574.jpg,street,99.939415
11575.jpg,forest,99.83348
11576.jpg,sea,58.896984
11577.jpg,sea,96.51618
1158.jpg,glacier,61.216682
11580.jpg,buildings,99.998795
11581.jpg,street,83.03784
11584.jpg,buildings,97.02996
11585.jpg,glacier,70.35261
11588.jpg,street,99.86082
11589.jpg,forest,99.84987
11593.jpg,buildings,99.81734
11596.jpg,sea,99.90804
11603.jpg,mountain,55.994926
11607.jpg,sea,66.37562
11615.jpg,mountain,51.185043
11617.jpg,forest,92.31289
11619.jpg,mountain,89.37516
1162.jpg,glacier,97.46318
11623.jpg,forest,99.99894
11633.jpg,street,99.97488
11634.jpg,buildings,99.300064
11638.jpg,sea,99.614395
1164.jpg,street,99.63994
11643.jpg,glacier,99.97909
11645.jpg,mountain,61.49723
11648.jpg,glacier,99.633644
11651.jpg,mountain,83.263435
1166.jpg,sea,99.804756
11666.jpg,forest,99.97272
11668.jpg,forest,99.914894
11671.jpg,mountain,65.32642
11674.jpg,buildings,98.13115
11678.jpg,glacier,99.97273
1168.jpg,forest,99.92964
11682.jpg,sea,97.25283
11686.jpg,mountain,99.662315
11688.jpg,street,99.97649
1169.jpg,buildings,99.821175
11693.jpg,mountain,97.58448
11695.jpg,mountain,92.1104
117.jpg,mountain,90.34707
1170.jpg,glacier,80.87843
11703.jpg,sea,86.94514
11704.jpg,mountain,87.69805
11705.jpg,street,99.63353
11711.jpg,mountain,99.49635
11715.jpg,street,99.7884
11720.jpg,street,94.57989
11726.jpg,glacier,99.32828
11729.jpg,sea,68.83375
1173.jpg,buildings,99.854904
11730.jpg,buildings,99.835205
11738.jpg,glacier,84.61369
1174.jpg,buildings,96.12234
11742.jpg,forest,99.98306
11752.jpg,forest,59.416843
11756.jpg,buildings,95.82079
11757.jpg,glacier,98.20187
11758.jpg,street,68.10245
1176.jpg,buildings,54.49146
11761.jpg,mountain,95.129814
11763.jpg,buildings,99.999596
11766.jpg,mountain,97.2673
11767.jpg,forest,99.9978
11769.jpg,glacier,77.03777
11771.jpg,glacier,86.16741
11773.jpg,mountain,83.032074
11776.jpg,buildings,99.96309
11778.jpg,sea,99.97375
11781.jpg,glacier,99.98669
11789.jpg,forest,99.950615
11791.jpg,mountain,77.476425
11792.jpg,buildings,99.93975
11793.jpg,mountain,97.89357
11798.jpg,mountain,93.410995
1180.jpg,forest,99.57709
11802.jpg,forest,99.998024
11805.jpg,street,99.9844
11809.jpg,buildings,82.473526
11811.jpg,mountain,99.17208
11817.jpg,mountain,98.87504
11818.jpg,mountain,56.248768
11819.jpg,glacier,97.55896
11820.jpg,buildings,99.9978
11822.jpg,sea,94.05349
11832.jpg,forest,99.87647
11835.jpg,forest,99.92118
11838.jpg,forest,99.99742
11839.jpg,forest,99.967865
11848.jpg,forest,99.92911
11849.jpg,buildings,99.99795
11853.jpg,glacier,94.11947
11854.jpg,glacier,97.22698
11863.jpg,mountain,53.529644
1187.jpg,sea,99.981255
11870.jpg,glacier,94.00326
11874.jpg,street,99.82772
11879.jpg,buildings,28.839308
11881.jpg,glacier,97.12685
11884.jpg,sea,99.912865
11885.jpg,street,96.83671
11886.jpg,street,99.978966
11890.jpg,street,69.15859
11891.jpg,sea,99.9616
11895.jpg,buildings,99.7662
11897.jpg,buildings,99.915245
119.jpg,glacier,89.172295
1190.jpg,sea,88.5557
11900.jpg,street,99.95274
11901.jpg,street,91.38419
11903.jpg,buildings,99.90152
11904.jpg,buildings,99.94867
11907.jpg,sea,69.420006
11909.jpg,street,99.31427
11912.jpg,sea,98.3275
11915.jpg,street,98.92778
11916.jpg,sea,99.94884
11919.jpg,street,95.94145
11920.jpg,sea,98.13906
11930.jpg,glacier,72.062515
11935.jpg,glacier,99.89797
11942.jpg,sea,91.64299
11948.jpg,mountain,64.44556
11949.jpg,forest,99.05562
11950.jpg,sea,99.439384
11953.jpg,glacier,48.064934
11958.jpg,forest,99.98872
11962.jpg,forest,99.887924
11965.jpg,mountain,86.01631
11968.jpg,street,99.992516
1197.jpg,forest,99.85731
11971.jpg,buildings,99.737595
11972.jpg,buildings,98.48648
11975.jpg,glacier,99.98826
11983.jpg,buildings,99.90251
11984.jpg,forest,99.9995
11995.jpg,glacier,65.673546
11996.jpg,forest,99.688545
11997.jpg,sea,95.30642
11998.jpg,sea,99.43882
1200.jpg,mountain,81.28901
12006.jpg,sea,99.980255
12012.jpg,street,99.99776
12015.jpg,glacier,99.946396
12017.jpg,buildings,99.84628
1202.jpg,glacier,99.31503
12022.jpg,glacier,99.90732
12023.jpg,sea,90.734634
12026.jpg,glacier,99.43984
12033.jpg,glacier,80.0916
12036.jpg,buildings,95.65118
12037.jpg,forest,99.87569
12041.jpg,mountain,99.05404
12045.jpg,forest,99.993454
12052.jpg,forest,99.99466
12056.jpg,mountain,80.2733
12057.jpg,buildings,99.99258
1206.jpg,buildings,94.76998
12061.jpg,sea,99.94255
12062.jpg,mountain,98.15602
1207.jpg,forest,98.05668
12072.jpg,street,99.92628
12073.jpg,mountain,82.53157
12076.jpg,glacier,97.846436
12078.jpg,sea,99.9768
12079.jpg,sea,99.993065
12080.jpg,buildings,92.85644
12082.jpg,mountain,80.13084
12085.jpg,sea,99.979034
12086.jpg,forest,96.11914
12087.jpg,buildings,99.99951
12088.jpg,glacier,98.05733
12090.jpg,mountain,98.030624
12095.jpg,glacier,87.80699
12098.jpg,glacier,99.58418
12099.jpg,glacier,94.56619
121.jpg,street,99.95769
12100.jpg,buildings,54.21062
12109.jpg,glacier,98.085884
1211.jpg,glacier,91.76386
12112.jpg,glacier,99.77287
12115.jpg,street,99.96928
12124.jpg,buildings,100.0
12128.jpg,buildings,98.60729
12132.jpg,street,98.342705
12133.jpg,sea,94.5302
12137.jpg,mountain,98.5804
12139.jpg,sea,99.9997
1214.jpg,buildings,99.531685
12141.jpg,buildings,99.76019
12150.jpg,street,97.65389
12153.jpg,glacier,99.97181
12155.jpg,sea,99.84154
12163.jpg,buildings,99.99127
12176.jpg,street,99.99854
12180.jpg,forest,99.94345
12182.jpg,street,99.99822
12183.jpg,forest,99.777054
12184.jpg,street,99.97519
12189.jpg,glacier,99.755905
12192.jpg,sea,99.99663
12199.jpg,mountain,62.05809
12201.jpg,mountain,99.66807
12205.jpg,glacier,95.86105
12207.jpg,forest,99.994
12211.jpg,sea,99.94979
12215.jpg,sea,99.803764
1222.jpg,mountain,95.05407
12229.jpg,forest,99.9978
1223.jpg,mountain,74.07333
12234.jpg,street,99.94301
12246.jpg,street,99.89039
12250.jpg,glacier,99.85335
12251.jpg,mountain,95.98921
12253.jpg,glacier,95.1006
12254.jpg,mountain,73.88692
12259.jpg,glacier,97.87019
1226.jpg,forest,99.99244
12261.jpg,street,50.963474
12264.jpg,street,99.999725
12267.jpg,forest,97.84484
12269.jpg,street,99.41678
1227.jpg,sea,98.911354
12271.jpg,buildings,99.834885
12275.jpg,street,99.80336
12276.jpg,glacier,57.61797
12278.jpg,street,97.45121
12279.jpg,glacier,93.75942
12284.jpg,street,99.97968
12285.jpg,forest,99.98923
12286.jpg,buildings,79.54044
12289.jpg,forest,99.5801
12291.jpg,street,99.32735
12293.jpg,street,99.93684
12297.jpg,forest,99.43409
12298.jpg,buildings,99.85079
12302.jpg,sea,99.907875
12305.jpg,mountain,85.69883
12312.jpg,forest,99.99882
12318.jpg,sea,99.63714
12321.jpg,buildings,96.02655
12325.jpg,glacier,98.8313
12326.jpg,glacier,99.90706
12329.jpg,buildings,93.14041
12331.jpg,sea,99.94775
12332.jpg,mountain,65.77959
12334.jpg,sea,68.10138
12335.jpg,forest,99.98493
1234.jpg,buildings,99.95179
12340.jpg,street,99.96772
12341.jpg,forest,96.26976
12347.jpg,buildings,99.103775
12350.jpg,sea,99.97784
12351.jpg,sea,97.37755
12352.jpg,forest,99.75481
12354.jpg,sea,98.92447
12355.jpg,street,98.8815
12356.jpg,sea,81.86293
12359.jpg,buildings,99.975784
12361.jpg,mountain,93.54197
12362.jpg,buildings,99.12232
12363.jpg,buildings,43.005352
12371.jpg,street,99.892944
12373.jpg,glacier,71.34136
12374.jpg,sea,99.61603
12376.jpg,sea,99.863525
12377.jpg,street,98.81499
1239.jpg,mountain,99.51386
12390.jpg,glacier,96.63502
12394.jpg,street,99.359634
12395.jpg,mountain,99.462715
12399.jpg,mountain,83.11273
12402.jpg,buildings,99.13629
12407.jpg,street,99.94673
12409.jpg,street,82.32695
1241.jpg,sea,99.990105
12413.jpg,sea,99.99015
12419.jpg,street,99.91363
12420.jpg,sea,99.49509
12421.jpg,forest,99.48832
12422.jpg,glacier,52.611767
12423.jpg,street,59.525883
12437.jpg,buildings,99.94398
12443.jpg,street,99.38318
12446.jpg,sea,96.48709
1245.jpg,buildings,97.17783
12453.jpg,glacier,35.28849
12459.jpg,sea,99.45321
12461.jpg,glacier,82.488625
12464.jpg,forest,99.65005
1247.jpg,glacier,93.19207
12475.jpg,sea,99.45581
12476.jpg,mountain,61.926926
12480.jpg,street,99.53966
12484.jpg,street,99.81696
12486.jpg,glacier,97.23032
12491.jpg,buildings,95.90881
12497.jpg,glacier,98.88855
12498.jpg,sea,98.20816
12501.jpg,buildings,64.87406
12514.jpg,forest,99.98
12516.jpg,forest,99.99268
12525.jpg,mountain,66.10502
12527.jpg,forest,99.99275
1253.jpg,glacier,92.36256
12537.jpg,sea,99.961945
12541.jpg,mountain,99.56329
12545.jpg,buildings,99.97198
1255.jpg,mountain,98.146965
12550.jpg,sea,98.00325
12553.jpg,street,99.97127
12554.jpg,glacier,82.554634
12557.jpg,mountain,98.120636
12563.jpg,mountain,81.882484
12564.jpg,buildings,99.69383
12573.jpg,buildings,99.993805
12575.jpg,sea,99.15262
12577.jpg,glacier,98.489876
1258.jpg,mountain,91.87237
12582.jpg,forest,99.99007
12586.jpg,mountain,96.15572
12587.jpg,buildings,99.66719
126.jpg,buildings,65.71354
12606.jpg,forest,99.99533
12607.jpg,street,99.78137
12608.jpg,buildings,97.63565
12609.jpg,forest,99.92438
12612.jpg,sea,99.97342
12614.jpg,glacier,80.68465
12625.jpg,mountain,80.899666
12626.jpg,forest,99.9765
12628.jpg,mountain,62.407417
12631.jpg,forest,99.99947
12635.jpg,buildings,85.075745
1264.jpg,forest,99.87356
12642.jpg,glacier,99.73549
12643.jpg,sea,88.87046
12645.jpg,mountain,61.242836
12648.jpg,mountain,88.818474
12650.jpg,glacier,52.266228
12662.jpg,mountain,79.390526
12670.jpg,mountain,97.727875
12675.jpg,sea,99.75083
12677.jpg,buildings,99.98841
1268.jpg,glacier,91.496666
12683.jpg,buildings,99.987015
12686.jpg,glacier,98.12177
12687.jpg,buildings,99.70584
127.jpg,glacier,92.48805
12700.jpg,mountain,99.5593
12707.jpg,mountain,74.093475
12709.jpg,glacier,98.94498
1271.jpg,forest,99.893936
12712.jpg,glacier,98.80611
12715.jpg,mountain,98.66592
12722.jpg,street,99.98396
12724.jpg,buildings,98.99685
12725.jpg,street,99.76819
12730.jpg,sea,86.074745
12731.jpg,forest,99.92672
1274.jpg,sea,99.69488
12749.jpg,sea,99.892815
12751.jpg,sea,99.75274
12753.jpg,buildings,98.56487
12756.jpg,buildings,56.11456
1276.jpg,buildings,45.935326
12763.jpg,glacier,97.4363
12764.jpg,mountain,89.68459
12765.jpg,buildings,99.98399
1277.jpg,sea,62.947697
12774.jpg,glacier,96.97741
12778.jpg,sea,99.54152
12781.jpg,street,99.9936
12784.jpg,sea,94.418015
12785.jpg,forest,99.95023
1279.jpg,buildings,99.12259
12791.jpg,street,98.83653
12796.jpg,street,99.96834
12797.jpg,forest,99.95598
12800.jpg,forest,99.91802
12804.jpg,glacier,97.47121
12809.jpg,sea,89.469284
12812.jpg,glacier,99.94992
12813.jpg,forest,99.988556
12816.jpg,street,91.621
12824.jpg,sea,99.89014
12825.jpg,sea,99.984
12828.jpg,glacier,80.07172
1283.jpg,glacier,98.09586
12830.jpg,forest,99.47904
12831.jpg,mountain,52.63674
12832.jpg,glacier,95.30137
12833.jpg,sea,98.16518
12834.jpg,sea,98.78299
12835.jpg,buildings,99.95553
12836.jpg,street,99.627945
12838.jpg,street,99.99752
12841.jpg,buildings,96.60295
12842.jpg,street,95.72652
12844.jpg,sea,84.393974
12847.jpg,buildings,94.81597
12850.jpg,sea,99.87662
12851.jpg,sea,49.061142
12853.jpg,glacier,96.82644
12854.jpg,mountain,98.28209
12856.jpg,buildings,99.997734
12859.jpg,forest,99.982414
12860.jpg,buildings,99.99391
12866.jpg,buildings,92.18277
12867.jpg,glacier,99.77944
12869.jpg,glacier,99.97854
12879.jpg,glacier,94.24323
1288.jpg,glacier,90.88339
1289.jpg,sea,98.05927
12891.jpg,street,93.58623
12894.jpg,mountain,61.120872
12895.jpg,forest,99.79232
12896.jpg,street,99.41942
12899.jpg,buildings,99.999306
129.jpg,sea,98.540565
1290.jpg,mountain,95.29944
12901.jpg,forest,99.94116
12902.jpg,street,97.82778
12911.jpg,forest,99.99849
12914.jpg,street,99.95565
12918.jpg,street,98.15717
12920.jpg,forest,99.9866
12921.jpg,street,97.53272
12922.jpg,glacier,99.992645
12932.jpg,street,56.974106
12936.jpg,street,93.24341
1294.jpg,mountain,99.52128
12941.jpg,sea,62.880028
12949.jpg,glacier,44.36176
12951.jpg,sea,99.52507
12952.jpg,mountain,53.93343
12953.jpg,glacier,52.47218
12954.jpg,sea,99.70251
12959.jpg,buildings,61.378445
12960.jpg,street,99.56332
12961.jpg,buildings,97.55362
12962.jpg,forest,99.96057
12964.jpg,forest,99.989426
12966.jpg,mountain,97.43085
12969.jpg,mountain,73.00443
12970.jpg,street,99.99756
12971.jpg,sea,99.46481
12972.jpg,mountain,93.34331
12975.jpg,sea,60.970394
12977.jpg,mountain,60.564907
12978.jpg,forest,99.79263
12979.jpg,buildings,71.099785
12980.jpg,glacier,99.6295
12984.jpg,forest,99.99602
12985.jpg,buildings,95.417145
12989.jpg,forest,99.9134
12997.jpg,buildings,91.96863
130.jpg,glacier,87.98674
1300.jpg,sea,99.09697
13001.jpg,glacier,98.74963
13004.jpg,mountain,61.091732
13007.jpg,glacier,90.06698
13012.jpg,sea,99.67377
13014.jpg,buildings,95.36073
13015.jpg,mountain,98.11329
13016.jpg,glacier,99.534676
13017.jpg,buildings,99.61175
13018.jpg,sea,99.664215
1302.jpg,sea,79.51768
13022.jpg,mountain,62.066765
13028.jpg,sea,99.38231
13029.jpg,glacier,74.7279
13031.jpg,forest,99.964645
13034.jpg,mountain,54.763584
13036.jpg,glacier,65.27683
13037.jpg,buildings,99.85388
13039.jpg,street,97.12346
13042.jpg,mountain,97.657845
13047.jpg,forest,99.99004
13055.jpg,forest,99.96966
13060.jpg,forest,98.31577
13062.jpg,mountain,91.813034
13063.jpg,mountain,96.88063
13065.jpg,mountain,85.359535
13066.jpg,street,97.550804
13069.jpg,forest,99.99851
1307.jpg,sea,70.62156
13070.jpg,forest,99.97846
13073.jpg,street,99.95536
13074.jpg,glacier,99.99822
13081.jpg,street,91.117065
13084.jpg,glacier,99.997986
13085.jpg,sea,99.942955
13087.jpg,buildings,99.98566
13088.jpg,sea,97.50312
13091.jpg,mountain,95.98825
13095.jpg,glacier,89.76944
13096.jpg,street,99.99603
13098.jpg,mountain,97.88821
13100.jpg,mountain,50.94936
13101.jpg,forest,99.684235
13102.jpg,buildings,99.93522
13104.jpg,street,99.35757
13109.jpg,mountain,90.734795
13110.jpg,street,99.84163
13116.jpg,mountain,89.98196
13119.jpg,forest,99.9996
13120.jpg,glacier,69.465515
13123.jpg,glacier,99.97732
1313.jpg,forest,98.26593
13133.jpg,glacier,99.2694
13136.jpg,mountain,94.62461
13137.jpg,sea,55.145782
13138.jpg,street,71.41225
13148.jpg,buildings,99.99937
13150.jpg,glacier,46.920162
13161.jpg,glacier,93.2311
13162.jpg,glacier,70.34471
13163.jpg,glacier,99.87087
13168.jpg,sea,94.12001
13169.jpg,buildings,99.99712
13174.jpg,glacier,66.53195
13176.jpg,glacier,54.75713
13178.jpg,street,99.99367
13179.jpg,forest,99.96778
1319.jpg,forest,92.13727
13192.jpg,forest,96.70347
13193.jpg,street,99.991135
13199.jpg,mountain,94.09402
132.jpg,sea,99.11156
13202.jpg,forest,92.78517
13204.jpg,buildings,99.81974
13208.jpg,mountain,95.322685
13214.jpg,street,99.96211
1322.jpg,sea,99.90192
13224.jpg,mountain,99.24494
13227.jpg,forest,99.9965
13230.jpg,mountain,99.94942
13237.jpg,buildings,92.64405
13239.jpg,sea,99.99292
1324.jpg,street,98.82533
13243.jpg,glacier,99.90108
13246.jpg,buildings,84.89697
13252.jpg,glacier,99.92611
13255.jpg,forest,99.88992
13256.jpg,sea,95.79397
13260.jpg,mountain,66.026794
13261.jpg,buildings,62.508392
13262.jpg,buildings,99.292854
13269.jpg,mountain,81.16023
13271.jpg,buildings,99.95246
13275.jpg,glacier,99.846954
1328.jpg,sea,74.868546
13282.jpg,forest,99.72649
13283.jpg,street,99.990036
13290.jpg,glacier,75.67808
13291.jpg,glacier,99.00931
13292.jpg,sea,99.99718
13295.jpg,buildings,99.994064
13296.jpg,glacier,93.47252
13297.jpg,glacier,59.214806
13299.jpg,glacier,80.96927
133.jpg,street,97.567604
1330.jpg,street,99.96838
13302.jpg,forest,99.59967
13303.jpg,mountain,91.4842
13305.jpg,glacier,99.808815
13316.jpg,buildings,99.94026
13318.jpg,buildings,98.79985
13321.jpg,sea,97.01516
13325.jpg,sea,99.986626
13326.jpg,street,99.99919
13329.jpg,street,71.92789
13330.jpg,sea,99.98037
13331.jpg,buildings,88.07551
13333.jpg,glacier,89.48214
13335.jpg,mountain,98.75293
1334.jpg,sea,99.83148
13340.jpg,sea,99.86773
13341.jpg,mountain,98.34586
13342.jpg,street,99.450066
13344.jpg,sea,99.66824
13345.jpg,forest,99.29804
13346.jpg,forest,96.34778
13356.jpg,mountain,61.74748
13358.jpg,street,99.99542
13365.jpg,sea,99.957794
13367.jpg,sea,98.53157
13369.jpg,glacier,98.433716
1337.jpg,buildings,99.85499
13370.jpg,sea,99.993256
13373.jpg,forest,99.995445
13379.jpg,glacier,84.82921
1338.jpg,glacier,98.345146
13381.jpg,street,99.997116
13389.jpg,street,99.995186
13390.jpg,street,97.846725
13392.jpg,glacier,71.31912
13394.jpg,mountain,93.81895
13398.jpg,sea,99.98413
13399.jpg,street,79.40999
13407.jpg,buildings,99.99988
13408.jpg,street,74.085686
13410.jpg,buildings,59.150166
13413.jpg,mountain,73.9267
13414.jpg,forest,70.407776
13415.jpg,buildings,99.083725
13416.jpg,glacier,99.71234
13424.jpg,sea,99.94105
13428.jpg,buildings,99.93463
13433.jpg,mountain,53.340195
13434.jpg,glacier,76.817924
13436.jpg,mountain,78.71054
13438.jpg,sea,61.33407
13441.jpg,forest,99.998344
13443.jpg,mountain,95.084656
13447.jpg,sea,62.534367
13448.jpg,forest,99.79653
13450.jpg,sea,65.27241
13454.jpg,street,99.56512
13457.jpg,sea,58.87586
13458.jpg,forest,99.9957
13459.jpg,buildings,86.92053
13460.jpg,glacier,53.62431
13461.jpg,buildings,89.30962
13462.jpg,forest,99.841866
13465.jpg,glacier,99.51834
13466.jpg,glacier,99.09506
13467.jpg,sea,99.84837
13468.jpg,mountain,52.68151
13469.jpg,street,97.82762
1347.jpg,forest,99.9848
13471.jpg,street,99.90036
13475.jpg,forest,99.913475
13476.jpg,forest,99.8409
1348.jpg,forest,99.97986
13481.jpg,street,98.76222
13485.jpg,street,99.966415
13488.jpg,glacier,85.25602
13489.jpg,street,99.99331
1349.jpg,sea,99.72321
13491.jpg,buildings,94.11508
13498.jpg,mountain,93.45515
135.jpg,sea,93.03313
13500.jpg,mountain,81.86215
13501.jpg,forest,99.99553
13509.jpg,sea,99.9154
1351.jpg,forest,87.84252
13510.jpg,glacier,89.099846
13512.jpg,glacier,45.465805
13513.jpg,forest,99.99004
13517.jpg,forest,99.99235
13518.jpg,glacier,52.100372
1352.jpg,buildings,63.295948
13520.jpg,sea,99.65146
13529.jpg,mountain,97.993614
13530.jpg,street,99.59167
13541.jpg,forest,99.9929
13542.jpg,forest,99.94119
13545.jpg,sea,99.73007
13547.jpg,sea,99.388626
1355.jpg,sea,97.95858
13550.jpg,sea,95.47828
13552.jpg,glacier,99.976234
13554.jpg,glacier,97.61317
13555.jpg,sea,99.97861
13558.jpg,glacier,98.51776
1356.jpg,mountain,81.9063
13561.jpg,glacier,81.27095
13562.jpg,forest,99.983635
13566.jpg,mountain,43.807312
13571.jpg,sea,99.90566
13576.jpg,sea,42.138268
13578.jpg,street,99.49528
13580.jpg,buildings,65.356064
13581.jpg,sea,99.99345
13584.jpg,buildings,99.99792
13585.jpg,sea,99.703064
13589.jpg,street,99.68402
1359.jpg,mountain,99.84401
13591.jpg,forest,99.99623
13595.jpg,sea,99.93973
13598.jpg,mountain,88.8579
1360.jpg,mountain,98.96795
13601.jpg,glacier,99.99535
13604.jpg,buildings,58.084644
13606.jpg,sea,78.088
13607.jpg,glacier,97.966835
13610.jpg,buildings,99.73969
13614.jpg,glacier,99.27904
13616.jpg,sea,99.99977
13619.jpg,sea,78.74069
13620.jpg,street,99.750534
13628.jpg,glacier,99.72781
13636.jpg,mountain,99.08071
1364.jpg,street,76.35543
13641.jpg,forest,99.802704
13646.jpg,buildings,96.487595
13647.jpg,street,99.97297
13653.jpg,glacier,46.279823
13657.jpg,buildings,99.58436
13660.jpg,sea,99.97642
13661.jpg,sea,96.372215
13662.jpg,sea,99.99911
13663.jpg,forest,99.99492
13670.jpg,mountain,65.56668
13672.jpg,buildings,96.761406
13683.jpg,sea,99.642006
13684.jpg,mountain,88.72946
13686.jpg,glacier,97.79084
13690.jpg,mountain,94.23104
13693.jpg,forest,99.91035
13694.jpg,street,98.93015
13695.jpg,glacier,99.7986
13696.jpg,sea,99.89331
1370.jpg,mountain,95.34281
13704.jpg,mountain,95.41889
13707.jpg,street,99.99957
13708.jpg,street,99.99506
1371.jpg,glacier,98.95021
13712.jpg,street,99.266945
13713.jpg,street,99.97023
13714.jpg,buildings,99.67654
13718.jpg,forest,99.98944
13724.jpg,sea,75.3426
13727.jpg,glacier,66.30284
13738.jpg,mountain,96.25177
1374.jpg,mountain,80.40536
13744.jpg,street,99.18196
13751.jpg,buildings,96.58649
13752.jpg,sea,99.99144
13754.jpg,street,97.00449
13755.jpg,sea,91.17519
13756.jpg,forest,81.10355
13758.jpg,buildings,99.85426
1376.jpg,glacier,67.69325
13768.jpg,sea,63.926315
13772.jpg,street,99.978485
13774.jpg,sea,75.01174
13778.jpg,mountain,68.96074
13786.jpg,mountain,95.06569
13787.jpg,glacier,99.98417
13795.jpg,mountain,98.95186
13799.jpg,sea,99.64577
13802.jpg,forest,99.66627
13805.jpg,glacier,67.49398
13807.jpg,forest,94.7649
13810.jpg,sea,98.385086
13814.jpg,sea,99.510925
13817.jpg,forest,99.902466
1382.jpg,mountain,99.40447
1383.jpg,buildings,99.96634
13830.jpg,mountain,98.91527
13831.jpg,sea,96.65827
13837.jpg,mountain,60.86785
13838.jpg,street,99.88226
13840.jpg,buildings,99.61274
13845.jpg,forest,89.14946
13850.jpg,glacier,98.15043
13852.jpg,street,32.218464
13853.jpg,buildings,99.879005
1386.jpg,buildings,99.984406
13865.jpg,forest,99.824394
13867.jpg,sea,76.208046
13869.jpg,street,99.96954
1387.jpg,buildings,99.32662
13870.jpg,forest,99.9411
13872.jpg,buildings,99.96726
13875.jpg,forest,99.93586
13876.jpg,buildings,65.76291
13877.jpg,sea,99.96737
13878.jpg,street,95.61941
1388.jpg,sea,95.95791
13883.jpg,street,77.81451
13889.jpg,mountain,72.6576
13891.jpg,sea,81.3403
13894.jpg,glacier,99.93692
13895.jpg,street,99.99911
1390.jpg,mountain,98.58768
13900.jpg,glacier,99.11394
13908.jpg,street,97.79262
13912.jpg,buildings,96.9897
13913.jpg,buildings,68.954124
13914.jpg,street,99.99268
13917.jpg,street,66.27726
13918.jpg,forest,99.94906
13927.jpg,forest,96.56501
13929.jpg,sea,98.63059
1393.jpg,buildings,99.88092
13931.jpg,glacier,99.37203
13933.jpg,glacier,99.954834
13936.jpg,forest,99.85251
13939.jpg,glacier,99.9946
13944.jpg,sea,99.99326
13945.jpg,buildings,83.53092
13949.jpg,street,99.94157
13950.jpg,street,99.53844
13963.jpg,mountain,99.29108
13964.jpg,mountain,57.278538
13968.jpg,buildings,84.95212
13971.jpg,sea,97.35024
13972.jpg,forest,99.97799
13974.jpg,street,99.81124
13975.jpg,glacier,99.97509
13977.jpg,mountain,94.92186
13979.jpg,sea,99.86018
13984.jpg,buildings,93.25037
13986.jpg,forest,99.997795
13987.jpg,buildings,98.97369
13989.jpg,street,99.99546
13990.jpg,forest,99.83322
14.jpg,street,99.98628
140.jpg,buildings,99.76681
14006.jpg,mountain,94.29838
14011.jpg,street,99.997696
14017.jpg,street,78.99521
14018.jpg,street,99.94083
14020.jpg,forest,99.965195
14026.jpg,street,98.922264
14028.jpg,street,99.76689
14032.jpg,mountain,93.83667
1404.jpg,glacier,95.697105
14042.jpg,street,62.84321
14044.jpg,sea,99.927574
14046.jpg,sea,99.55954
1405.jpg,forest,99.99814
14050.jpg,glacier,60.346466
14051.jpg,sea,99.8725
14053.jpg,glacier,89.81447
14055.jpg,street,99.75309
14061.jpg,forest,99.852165
14065.jpg,glacier,94.68391
14066.jpg,forest,97.38356
14068.jpg,sea,99.09246
14069.jpg,glacier,92.74552
14082.jpg,sea,99.855034
14083.jpg,mountain,52.802784
14084.jpg,street,99.93772
14085.jpg,glacier,94.923195
14086.jpg,glacier,99.93127
14088.jpg,street,99.9632
1409.jpg,forest,99.99764
14090.jpg,sea,99.94247
14093.jpg,street,99.90691
14098.jpg,sea,99.33055
141.jpg,street,99.980446
14101.jpg,street,99.9359
14102.jpg,buildings,98.4356
14108.jpg,buildings,88.80152
14112.jpg,glacier,68.60651
14113.jpg,mountain,90.66947
14119.jpg,sea,99.945625
14120.jpg,forest,96.00058
14121.jpg,sea,99.50782
14128.jpg,mountain,99.81669
14132.jpg,glacier,96.2979
14137.jpg,buildings,86.35721
14138.jpg,glacier,93.77585
14139.jpg,buildings,91.57543
1414.jpg,forest,99.66551
14149.jpg,buildings,99.993965
14150.jpg,forest,99.998604
14151.jpg,street,99.992546
14155.jpg,glacier,99.934616
14157.jpg,glacier,93.9014
14162.jpg,sea,98.9365
14163.jpg,street,99.59356
14166.jpg,street,99.99993
14169.jpg,buildings,99.9824
14172.jpg,sea,88.08659
14176.jpg,forest,99.80803
1418.jpg,buildings,99.823784
14181.jpg,sea,99.91185
14186.jpg,mountain,49.998318
1419.jpg,mountain,97.93275
14193.jpg,mountain,75.77619
14195.jpg,forest,99.947266
14197.jpg,street,99.91198
14199.jpg,mountain,98.884125
14200.jpg,forest,99.86345
14201.jpg,buildings,96.70674
14204.jpg,glacier,89.79863
14206.jpg,street,99.76221
14208.jpg,glacier,98.455765
14210.jpg,buildings,93.60835
14211.jpg,glacier,96.97736
14215.jpg,forest,99.99029
14222.jpg,mountain,90.81173
14234.jpg,mountain,59.564686
14235.jpg,sea,99.93136
14236.jpg,street,99.83227
14240.jpg,street,99.970215
14241.jpg,forest,75.09519
14248.jpg,sea,99.13691
14251.jpg,buildings,99.997795
14253.jpg,glacier,94.37271
14254.jpg,glacier,91.26171
14265.jpg,street,99.99676
14267.jpg,mountain,94.99877
1427.jpg,street,99.99616
14271.jpg,forest,99.99976
14272.jpg,mountain,99.40646
14276.jpg,mountain,97.308945
14277.jpg,street,99.9569
1428.jpg,mountain,94.16997
14292.jpg,mountain,99.38797
14293.jpg,street,99.9788
143.jpg,glacier,90.9128
14302.jpg,forest,99.92544
14303.jpg,glacier,99.99481
14306.jpg,street,97.9417
14308.jpg,sea,99.97596
1431.jpg,forest,99.92464
14310.jpg,mountain,97.88433
14320.jpg,glacier,99.788216
14326.jpg,street,93.622246
14327.jpg,street,99.9138
1433.jpg,glacier,94.12913
14335.jpg,sea,99.79736
14339.jpg,mountain,99.187744
14345.jpg,sea,99.99394
14346.jpg,street,80.859634
14347.jpg,sea,99.87166
14348.jpg,street,99.99974
14350.jpg,forest,99.99729
14351.jpg,forest,99.99963
14352.jpg,forest,99.943
14356.jpg,street,95.34664
14357.jpg,sea,99.16252
14359.jpg,mountain,96.21112
1436.jpg,forest,99.99795
14361.jpg,buildings,65.23191
14364.jpg,glacier,96.907425
14367.jpg,mountain,97.34003
14369.jpg,sea,92.319595
14370.jpg,glacier,99.927505
14374.jpg,sea,99.740776
14376.jpg,sea,64.73384
1438.jpg,forest,99.99936
14380.jpg,forest,99.991356
14381.jpg,street,90.59334
14384.jpg,forest,98.842964
14386.jpg,street,99.7665
14387.jpg,street,99.61052
14391.jpg,street,99.93867
14395.jpg,glacier,99.99838
144.jpg,street,74.0157
1440.jpg,glacier,52.48255
14401.jpg,sea,97.989586
14402.jpg,glacier,95.1228
14405.jpg,buildings,99.88896
14406.jpg,forest,99.99571
14413.jpg,buildings,99.99949
14414.jpg,mountain,78.11194
14415.jpg,forest,99.81552
14417.jpg,mountain,98.21095
14421.jpg,sea,53.905804
14424.jpg,sea,98.065636
14426.jpg,mountain,93.61506
14427.jpg,street,99.990585
14428.jpg,glacier,99.35473
14438.jpg,glacier,83.64099
1444.jpg,forest,99.99106
14444.jpg,street,98.02822
14445.jpg,forest,99.99987
14450.jpg,glacier,97.19947
14453.jpg,mountain,81.81601
14457.jpg,forest,99.982315
14463.jpg,mountain,99.9273
14473.jpg,sea,97.8352
14476.jpg,forest,99.97808
14478.jpg,mountain,95.76191
1448.jpg,glacier,71.132225
14481.jpg,street,94.40896
14484.jpg,mountain,98.82478
14485.jpg,mountain,93.40222
14487.jpg,forest,99.99696
1449.jpg,buildings,99.98085
14490.jpg,buildings,99.96694
14493.jpg,glacier,99.970505
14496.jpg,sea,99.10991
14498.jpg,glacier,89.82872
145.jpg,buildings,99.7929
14501.jpg,mountain,97.98115
14506.jpg,forest,99.77203
14508.jpg,mountain,99.53487
1451.jpg,forest,99.999596
14511.jpg,mountain,94.430176
14513.jpg,buildings,97.61065
1452.jpg,mountain,95.28809
14520.jpg,glacier,99.545586
14522.jpg,street,99.92817
14524.jpg,glacier,97.287155
14526.jpg,forest,99.90777
14528.jpg,forest,99.99677
14530.jpg,buildings,91.68623
14531.jpg,buildings,95.70628
14539.jpg,mountain,59.441174
14542.jpg,mountain,86.32936
14549.jpg,buildings,99.89932
14557.jpg,buildings,89.12148
14558.jpg,street,99.83839
1456.jpg,mountain,82.23396
14561.jpg,mountain,80.67321
14562.jpg,sea,99.191246
14566.jpg,mountain,99.64574
14571.jpg,forest,96.40357
14574.jpg,glacier,99.604744
14580.jpg,buildings,99.89917
14581.jpg,mountain,90.50859
14583.jpg,mountain,97.91599
14587.jpg,forest,99.98696
14589.jpg,buildings,99.99981
1459.jpg,buildings,99.95752
14594.jpg,forest,98.46355
14596.jpg,sea,99.19656
14601.jpg,glacier,81.27713
14604.jpg,street,99.98394
14606.jpg,buildings,99.82214
14610.jpg,mountain,97.63686
14611.jpg,sea,99.20566
14613.jpg,sea,97.23384
14614.jpg,sea,99.097435
14616.jpg,buildings,92.92638
14618.jpg,sea,99.99956
14624.jpg,mountain,71.45004
14625.jpg,street,93.41886
1463.jpg,glacier,99.98892
14631.jpg,glacier,94.02263
14636.jpg,forest,99.93089
14645.jpg,buildings,99.99989
14650.jpg,buildings,98.57113
14653.jpg,glacier,96.911934
14656.jpg,mountain,62.606388
14657.jpg,mountain,99.67368
14664.jpg,street,99.30195
14666.jpg,buildings,99.85882
1467.jpg,glacier,94.45277
14672.jpg,sea,99.10828
14678.jpg,buildings,69.83712
14679.jpg,mountain,99.33748
1468.jpg,mountain,32.58713
14682.jpg,street,99.992386
14684.jpg,street,89.50815
14685.jpg,sea,80.2912
14688.jpg,glacier,99.18381
14695.jpg,street,99.79173
14696.jpg,buildings,93.20176
14697.jpg,glacier,99.5258
14699.jpg,buildings,93.83598
1470.jpg,sea,90.79465
14701.jpg,forest,99.98838
14715.jpg,glacier,99.84523
14718.jpg,sea,98.92103
14722.jpg,street,99.9232
14724.jpg,sea,99.000275
14729.jpg,buildings,99.877495
14730.jpg,buildings,99.90047
14732.jpg,forest,99.99716
14735.jpg,buildings,99.8153
14737.jpg,forest,99.997795
14739.jpg,mountain,67.34528
1474.jpg,glacier,99.99547
14742.jpg,street,99.9491
14747.jpg,forest,94.314575
14753.jpg,buildings,99.99941
14755.jpg,street,99.9876
14757.jpg,sea,99.99101
14759.jpg,forest,99.82367
14762.jpg,forest,99.99195
14765.jpg,sea,99.99583
14768.jpg,mountain,98.04588
14771.jpg,buildings,76.893166
14772.jpg,mountain,73.947495
14774.jpg,mountain,44.160645
14775.jpg,glacier,99.10035
14776.jpg,buildings,99.7516
14779.jpg,mountain,95.84932
1478.jpg,sea,91.36904
14784.jpg,mountain,95.11188
14787.jpg,glacier,99.997314
1479.jpg,mountain,81.26822
14790.jpg,buildings,99.993576
14793.jpg,street,72.72648
14796.jpg,forest,99.99184
14800.jpg,glacier,99.95731
14801.jpg,mountain,95.638145
14806.jpg,glacier,99.63879
14811.jpg,forest,99.99902
14813.jpg,street,99.82399
14814.jpg,sea,91.79595
14815.jpg,buildings,99.97627
14819.jpg,buildings,99.98215
14821.jpg,buildings,100.0
14822.jpg,sea,99.98963
14828.jpg,forest,99.84458
14829.jpg,sea,99.98338
1483.jpg,mountain,94.21853
14835.jpg,mountain,83.54468
14841.jpg,forest,99.99597
14842.jpg,buildings,79.41495
14850.jpg,street,95.64765
14855.jpg,glacier,99.52326
14858.jpg,street,89.77545
14859.jpg,mountain,96.15538
14862.jpg,glacier,65.56639
14877.jpg,buildings,99.9997
14878.jpg,buildings,99.760506
14886.jpg,sea,98.51023
14890.jpg,sea,89.24897
14891.jpg,glacier,88.06167
14893.jpg,mountain,99.0001
14895.jpg,glacier,58.705555
14899.jpg,buildings,73.910645
149.jpg,forest,99.99998
14901.jpg,street,87.25567
14906.jpg,mountain,96.18968
14908.jpg,glacier,80.39587
14913.jpg,mountain,98.06073
14919.jpg,buildings,80.145874
1492.jpg,glacier,99.99979
14921.jpg,mountain,44.03273
14922.jpg,street,99.98821
14925.jpg,buildings,99.98902
14926.jpg,buildings,99.40987
14929.jpg,street,99.86065
14930.jpg,buildings,92.67478
14937.jpg,glacier,98.0756
14939.jpg,sea,99.4022
1494.jpg,mountain,99.73446
14942.jpg,forest,99.481514
14944.jpg,buildings,99.97763
14945.jpg,glacier,96.12249
14953.jpg,glacier,99.9989
14954.jpg,sea,42.979916
14957.jpg,forest,99.94672
14960.jpg,forest,99.9868
14963.jpg,mountain,99.93698
14965.jpg,sea,96.34832
14970.jpg,street,99.7264
14971.jpg,street,98.75031
14973.jpg,mountain,77.53504
14975.jpg,forest,99.426384
14976.jpg,forest,99.83783
14977.jpg,forest,97.475586
14981.jpg,mountain,77.44724
14982.jpg,buildings,60.371197
14983.jpg,forest,88.65667
14992.jpg,glacier,72.458824
14996.jpg,mountain,76.23685
14998.jpg,mountain,90.89834
15002.jpg,street,99.86446
15004.jpg,street,98.07764
15006.jpg,glacier,98.03544
15007.jpg,mountain,99.94449
15010.jpg,street,99.253136
15012.jpg,glacier,81.91548
15013.jpg,glacier,50.92337
15014.jpg,forest,99.99831
15018.jpg,sea,86.87143
15021.jpg,forest,99.999176
15022.jpg,mountain,93.140396
15023.jpg,street,99.99869
15027.jpg,mountain,85.43023
15031.jpg,buildings,96.018585
1504.jpg,forest,92.00606
15040.jpg,glacier,99.704834
15041.jpg,sea,99.96895
15046.jpg,street,99.99686
15049.jpg,street,99.99362
15053.jpg,sea,74.58005
15057.jpg,forest,99.5322
15063.jpg,mountain,51.60141
15066.jpg,glacier,93.77598
15068.jpg,forest,99.93148
15075.jpg,street,99.99943
15077.jpg,forest,99.99186
15079.jpg,mountain,99.45469
15080.jpg,mountain,93.390526
15081.jpg,glacier,92.933556
15083.jpg,street,99.71448
15089.jpg,forest,99.99975
1509.jpg,sea,99.67804
15095.jpg,glacier,79.024506
15099.jpg,glacier,99.98633
15101.jpg,mountain,92.64556
15105.jpg,street,95.28552
1511.jpg,buildings,95.78354
15111.jpg,sea,99.60354
15112.jpg,sea,71.47297
15113.jpg,buildings,76.372025
15114.jpg,forest,99.99831
15116.jpg,buildings,99.99044
15119.jpg,glacier,99.54041
15123.jpg,sea,98.07232
15128.jpg,street,91.758194
15129.jpg,buildings,91.37837
15130.jpg,forest,99.99941
15131.jpg,sea,99.012276
15134.jpg,forest,88.33884
15136.jpg,forest,99.8387
15137.jpg,street,98.96632
15139.jpg,glacier,79.021164
15148.jpg,buildings,99.691986
15149.jpg,forest,64.099945
1515.jpg,street,99.975365
15151.jpg,mountain,95.97398
15157.jpg,mountain,99.5267
15158.jpg,street,99.59824
15161.jpg,glacier,99.73236
15162.jpg,glacier,72.90808
15170.jpg,buildings,93.28885
15172.jpg,sea,97.27757
15173.jpg,mountain,94.727875
15177.jpg,street,98.74909
15178.jpg,street,99.99906
15179.jpg,buildings,99.993935
15186.jpg,sea,99.62661
15187.jpg,glacier,94.100044
15193.jpg,mountain,85.47136
15197.jpg,street,99.52036
152.jpg,forest,99.99678
15200.jpg,glacier,99.99905
15201.jpg,street,99.92138
15208.jpg,buildings,98.138855
1521.jpg,buildings,98.85375
15219.jpg,buildings,99.983894
1522.jpg,mountain,99.87355
15220.jpg,street,98.22994
15224.jpg,glacier,97.64104
15229.jpg,glacier,98.54107
15230.jpg,forest,99.998764
15237.jpg,street,87.91745
1524.jpg,forest,99.97742
15240.jpg,forest,99.99194
15241.jpg,sea,98.99802
15244.jpg,buildings,97.14363
1525.jpg,sea,99.51959
15252.jpg,forest,93.41309
15253.jpg,street,98.9822
15262.jpg,street,99.143234
15266.jpg,sea,99.16163
15272.jpg,buildings,99.25135
15274.jpg,forest,99.89879
15276.jpg,street,52.551006
15278.jpg,buildings,90.24115
15282.jpg,mountain,98.55883
15283.jpg,street,99.83432
15286.jpg,buildings,97.107956
15297.jpg,glacier,99.95149
15302.jpg,mountain,93.99153
15303.jpg,street,87.18387
15305.jpg,street,55.27858
15309.jpg,buildings,64.08586
15312.jpg,buildings,99.999985
15314.jpg,sea,99.93759
15315.jpg,forest,99.99124
15318.jpg,sea,99.53903
15325.jpg,forest,99.8391
15333.jpg,glacier,99.384705
15336.jpg,street,99.832275
15337.jpg,mountain,98.28517
1534.jpg,mountain,98.444565
15340.jpg,street,99.382034
15342.jpg,sea,39.713226
15349.jpg,glacier,95.07434
1535.jpg,glacier,77.335945
15350.jpg,glacier,96.08496
15351.jpg,glacier,96.73744
15353.jpg,mountain,99.0297
15357.jpg,glacier,76.24103
1536.jpg,mountain,80.92163
15360.jpg,street,97.16347
15365.jpg,glacier,98.27923
15366.jpg,buildings,97.62555
15368.jpg,street,99.34918
15375.jpg,forest,99.98754
15378.jpg,buildings,94.641785
15381.jpg,sea,99.85811
15387.jpg,forest,99.77942
15388.jpg,mountain,95.49946
15391.jpg,street,76.64164
15392.jpg,street,99.861755
15394.jpg,forest,99.997375
15396.jpg,forest,99.99529
15399.jpg,glacier,99.9616
15403.jpg,glacier,98.96157
15406.jpg,glacier,50.441574
15415.jpg,forest,99.91893
15417.jpg,street,99.98292
15420.jpg,forest,99.91468
15427.jpg,glacier,99.8412
15431.jpg,glacier,98.34416
15437.jpg,street,99.996376
15438.jpg,forest,99.600426
1544.jpg,sea,99.68685
15441.jpg,street,93.52352
15442.jpg,street,99.80496
1545.jpg,mountain,98.85824
15450.jpg,street,99.73931
15452.jpg,glacier,99.98636
15455.jpg,buildings,99.02541
15458.jpg,forest,99.985634
15461.jpg,mountain,86.8474
1547.jpg,mountain,52.23584
15485.jpg,glacier,99.96664
15489.jpg,glacier,97.51184
15490.jpg,forest,71.17164
15492.jpg,buildings,97.39716
15500.jpg,sea,99.947914
15506.jpg,mountain,99.59386
15508.jpg,forest,99.97659
1551.jpg,glacier,52.607502
15513.jpg,street,97.35953
15519.jpg,glacier,94.9333
15520.jpg,sea,99.97087
15524.jpg,street,49.713745
15525.jpg,glacier,59.675987
15527.jpg,street,99.99795
15537.jpg,mountain,98.99918
15543.jpg,street,91.87752
15548.jpg,forest,99.99707
15552.jpg,sea,99.934715
15555.jpg,street,99.99598
15563.jpg,forest,98.8604
15566.jpg,buildings,77.93384
1557.jpg,buildings,99.62947
15576.jpg,buildings,99.94181
15578.jpg,glacier,99.50895
15583.jpg,forest,86.320526
15591.jpg,glacier,99.635925
156.jpg,buildings,99.99981
15602.jpg,forest,99.99266
15603.jpg,mountain,94.88589
1561.jpg,street,99.010506
15610.jpg,glacier,97.78805
15612.jpg,buildings,99.919815
15619.jpg,sea,99.98392
15621.jpg,sea,99.96963
15623.jpg,sea,99.97432
15629.jpg,forest,99.995895
15630.jpg,forest,99.995316
15631.jpg,street,99.99174
15632.jpg,sea,99.91098
15634.jpg,mountain,88.70415
15638.jpg,glacier,99.99279
15642.jpg,sea,99.98253
15643.jpg,forest,99.998726
15645.jpg,buildings,99.990906
15646.jpg,street,96.013725
15647.jpg,glacier,99.64718
15648.jpg,street,99.93964
15649.jpg,mountain,98.436646
15652.jpg,glacier,66.61086
15658.jpg,buildings,77.4747
15662.jpg,sea,85.44389
15663.jpg,buildings,99.849556
15669.jpg,street,99.99432
15670.jpg,forest,99.99905
15676.jpg,buildings,99.99792
15678.jpg,forest,99.99663
15679.jpg,sea,99.65399
1568.jpg,sea,99.972374
15685.jpg,glacier,99.17934
15686.jpg,sea,66.730545
15688.jpg,sea,95.56245
15698.jpg,buildings,99.96329
15700.jpg,buildings,98.47223
15706.jpg,buildings,99.98798
15707.jpg,street,99.937256
15710.jpg,buildings,84.78876
15712.jpg,buildings,100.0
15713.jpg,glacier,77.61835
15717.jpg,buildings,98.85898
15720.jpg,mountain,70.822235
15722.jpg,buildings,99.91122
15723.jpg,street,96.9657
15726.jpg,buildings,50.282158
15727.jpg,glacier,96.72442
15728.jpg,forest,99.994316
15731.jpg,sea,99.911446
15733.jpg,forest,99.95988
15735.jpg,buildings,99.99993
15737.jpg,sea,52.62655
15738.jpg,buildings,99.73914
15744.jpg,forest,99.99598
15745.jpg,sea,99.91357
15746.jpg,mountain,92.80225
15747.jpg,street,52.397408
15750.jpg,glacier,98.004326
15758.jpg,sea,99.93091
15762.jpg,glacier,99.932816
15764.jpg,forest,99.999146
15765.jpg,mountain,99.32788
15766.jpg,sea,98.07756
1577.jpg,street,99.97931
15772.jpg,buildings,99.914345
15779.jpg,mountain,66.011795
1578.jpg,mountain,85.49981
15781.jpg,street,99.99758
15786.jpg,street,99.96351
15788.jpg,glacier,53.35663
1579.jpg,glacier,99.27517
15801.jpg,street,99.99888
15805.jpg,forest,99.961266
1581.jpg,glacier,69.51816
15825.jpg,mountain,78.17899
15829.jpg,glacier,99.22197
1583.jpg,glacier,98.89462
15830.jpg,buildings,99.6719
15832.jpg,mountain,91.12907
15834.jpg,buildings,71.28075
15836.jpg,forest,99.85004
15838.jpg,street,99.9747
15840.jpg,sea,41.298492
15846.jpg,sea,99.30763
15847.jpg,buildings,99.160835
15848.jpg,buildings,58.619553
15849.jpg,buildings,97.724754
1585.jpg,sea,99.98585
15850.jpg,street,99.0193
15859.jpg,sea,99.990555
15863.jpg,forest,99.9798
15866.jpg,sea,93.78813
15868.jpg,buildings,97.410995
15870.jpg,street,99.91077
15878.jpg,street,99.98811
15879.jpg,glacier,99.18241
15881.jpg,mountain,76.65135
15887.jpg,forest,99.99974
15888.jpg,street,89.618126
15890.jpg,mountain,56.18693
15891.jpg,glacier,97.89013
15895.jpg,forest,86.84533
15896.jpg,buildings,99.999916
15900.jpg,forest,99.93595
15902.jpg,glacier,60.941906
15904.jpg,sea,98.99223
15909.jpg,forest,99.67835
15910.jpg,street,99.999214
15912.jpg,mountain,99.47527
15914.jpg,buildings,99.95036
15916.jpg,buildings,99.96698
15917.jpg,mountain,99.72732
15918.jpg,sea,95.93316
15922.jpg,glacier,98.42378
15924.jpg,sea,99.925896
15927.jpg,glacier,99.772934
15928.jpg,glacier,97.750786
15929.jpg,buildings,99.99843
15933.jpg,mountain,57.12277
15934.jpg,glacier,99.99808
15935.jpg,forest,99.82932
15941.jpg,mountain,99.05054
15946.jpg,mountain,77.4645
15947.jpg,glacier,99.94222
15951.jpg,street,99.88113
15954.jpg,glacier,99.22316
15958.jpg,street,44.326763
1596.jpg,glacier,71.608406
15963.jpg,sea,99.857185
15964.jpg,sea,99.47984
15967.jpg,forest,99.995926
15969.jpg,sea,79.54828
15974.jpg,sea,99.76966
15975.jpg,forest,99.955315
15979.jpg,sea,95.641396
1598.jpg,forest,99.44963
15980.jpg,forest,99.98968
15981.jpg,sea,90.355225
15983.jpg,sea,53.344963
15984.jpg,buildings,97.13856
15993.jpg,glacier,74.55027
15994.jpg,buildings,57.03538
16000.jpg,forest,99.99955
16014.jpg,forest,99.993515
16015.jpg,buildings,84.33886
16023.jpg,sea,98.73787
16028.jpg,street,92.04896
16029.jpg,mountain,85.97362
16033.jpg,mountain,66.421394
16035.jpg,buildings,99.99936
16039.jpg,glacier,99.564384
16040.jpg,forest,99.96569
16042.jpg,street,99.9622
16045.jpg,mountain,96.13545
16051.jpg,glacier,80.36453
16056.jpg,mountain,93.12878
16058.jpg,forest,99.99026
16063.jpg,glacier,74.611275
16068.jpg,glacier,99.99381
16071.jpg,forest,99.994644
16075.jpg,street,99.99014
16084.jpg,buildings,99.998726
16089.jpg,buildings,97.85085
16093.jpg,sea,99.943825
16094.jpg,glacier,96.78909
16096.jpg,forest,99.998184
16098.jpg,buildings,97.789536
16099.jpg,glacier,98.68797
161.jpg,sea,99.94311
16102.jpg,forest,99.953255
16106.jpg,mountain,92.388
16107.jpg,glacier,97.08934
16110.jpg,glacier,97.982666
16117.jpg,street,99.98415
16119.jpg,forest,99.99655
16120.jpg,glacier,99.61587
16121.jpg,buildings,55.06246
16125.jpg,street,99.72236
16127.jpg,buildings,99.997185
16129.jpg,sea,99.06438
16135.jpg,buildings,98.862175
1614.jpg,mountain,97.51745
16140.jpg,forest,99.98612
16145.jpg,sea,79.29949
16146.jpg,street,99.98252
16148.jpg,glacier,99.78835
16151.jpg,glacier,95.24238
16158.jpg,mountain,99.90355
16161.jpg,buildings,99.9659
16167.jpg,street,99.99889
16169.jpg,buildings,99.97524
1617.jpg,street,99.99748
16177.jpg,street,99.79729
16178.jpg,sea,99.99907
16181.jpg,forest,99.99941
16186.jpg,mountain,94.19997
16193.jpg,mountain,94.0417
16196.jpg,glacier,98.98427
16197.jpg,buildings,55.509872
1620.jpg,forest,99.99464
16202.jpg,glacier,96.80778
16204.jpg,buildings,99.99898
16210.jpg,street,99.991844
16213.jpg,forest,99.97674
16216.jpg,mountain,97.22892
16217.jpg,forest,99.99026
16220.jpg,mountain,98.79037
16224.jpg,forest,99.98696
16228.jpg,mountain,54.63826
16229.jpg,sea,99.77926
16230.jpg,glacier,99.3479
16232.jpg,mountain,98.75837
16233.jpg,mountain,78.918076
16235.jpg,glacier,89.317505
1624.jpg,sea,99.93595
16242.jpg,sea,99.93919
16256.jpg,street,99.94261
16263.jpg,sea,99.98715
16264.jpg,buildings,99.99987
16265.jpg,street,96.122154
16266.jpg,mountain,61.73505
1627.jpg,buildings,84.459984
16270.jpg,street,99.61808
16271.jpg,street,99.87438
16273.jpg,mountain,87.09807
16275.jpg,street,96.87931
16277.jpg,buildings,98.95986
16291.jpg,mountain,99.40117
16298.jpg,street,94.78777
16299.jpg,sea,99.81254
16300.jpg,buildings,99.641464
16304.jpg,glacier,99.76364
16305.jpg,mountain,98.2357
1631.jpg,street,68.87628
16313.jpg,forest,99.99988
16317.jpg,buildings,66.213264
16318.jpg,mountain,95.00096
16319.jpg,sea,97.452934
16323.jpg,street,99.66427
16327.jpg,street,99.99596
16328.jpg,forest,99.96674
16329.jpg,mountain,83.041176
16332.jpg,mountain,99.81903
16337.jpg,forest,49.887867
1634.jpg,sea,58.063477
16343.jpg,forest,99.99896
16344.jpg,sea,99.97659
16347.jpg,sea,99.78243
16351.jpg,forest,99.542274
16353.jpg,forest,99.98758
16357.jpg,mountain,99.1477
16360.jpg,sea,99.95591
16361.jpg,glacier,64.17277
16373.jpg,street,99.99646
16378.jpg,mountain,78.337456
16379.jpg,street,89.42668
1638.jpg,street,91.26991
16380.jpg,buildings,99.958916
16384.jpg,sea,61.097275
16393.jpg,street,99.961914
16396.jpg,street,83.09296
16397.jpg,mountain,97.57616
16401.jpg,glacier,72.56832
16403.jpg,buildings,83.27845
16405.jpg,mountain,84.42906
16406.jpg,glacier,99.9203
16408.jpg,mountain,93.713974
16410.jpg,mountain,95.503525
16411.jpg,forest,99.99818
16412.jpg,mountain,97.953125
16415.jpg,sea,99.9033
16424.jpg,forest,99.984406
16428.jpg,sea,68.339386
16429.jpg,forest,99.06784
16436.jpg,buildings,99.85925
1644.jpg,forest,98.88447
16442.jpg,sea,99.98411
16444.jpg,street,86.931145
16445.jpg,mountain,99.00967
16446.jpg,mountain,53.83277
16447.jpg,mountain,57.976086
16449.jpg,street,99.67239
16454.jpg,buildings,98.16197
16461.jpg,forest,99.951515
16462.jpg,sea,97.99069
16464.jpg,mountain,97.334045
16465.jpg,buildings,99.99881
16471.jpg,forest,99.943146
16475.jpg,street,53.849434
16477.jpg,street,96.78613
16480.jpg,glacier,99.88263
16484.jpg,street,99.98242
16486.jpg,forest,99.972435
16487.jpg,mountain,99.812195
1649.jpg,mountain,93.91067
16497.jpg,forest,99.998856
16499.jpg,street,99.97318
16501.jpg,glacier,96.892204
16508.jpg,mountain,92.60461
16514.jpg,street,99.10579
16519.jpg,glacier,97.513855
1652.jpg,glacier,51.104458
16524.jpg,glacier,91.91068
16526.jpg,sea,85.5137
1653.jpg,mountain,91.2529
16530.jpg,mountain,99.69806
16532.jpg,glacier,75.83388
16535.jpg,glacier,99.15309
16536.jpg,mountain,97.937744
16539.jpg,street,99.75732
16541.jpg,buildings,99.475624
16542.jpg,mountain,90.09537
16546.jpg,buildings,99.999985
16548.jpg,glacier,79.46114
1655.jpg,street,99.98946
16551.jpg,sea,99.837685
16552.jpg,buildings,99.9933
16553.jpg,sea,98.64722
16554.jpg,buildings,99.999306
16558.jpg,mountain,99.72649
16576.jpg,mountain,99.88039
16587.jpg,street,99.44737
16591.jpg,mountain,99.417915
16597.jpg,buildings,87.63465
16601.jpg,mountain,54.83324
16603.jpg,glacier,98.5968
16605.jpg,mountain,99.54602
16606.jpg,street,99.954636
16608.jpg,glacier,74.04985
16617.jpg,mountain,72.0211
16619.jpg,sea,99.32197
16622.jpg,mountain,79.63843
16626.jpg,buildings,99.98306
16628.jpg,forest,99.98777
16630.jpg,mountain,99.52733
16632.jpg,glacier,97.88344
16634.jpg,street,99.9738
16635.jpg,street,99.99882
16637.jpg,mountain,53.442776
16639.jpg,street,99.936134
1664.jpg,mountain,45.10474
16649.jpg,sea,99.99938
16650.jpg,sea,90.69687
16653.jpg,sea,99.99091
16656.jpg,street,99.99658
16660.jpg,glacier,95.84725
16662.jpg,mountain,99.41513
16663.jpg,sea,99.9044
16666.jpg,buildings,99.99608
16676.jpg,sea,98.17762
16678.jpg,street,99.87304
16680.jpg,street,99.90407
16684.jpg,mountain,82.273834
16685.jpg,mountain,98.51931
16686.jpg,mountain,58.947628
16687.jpg,glacier,95.42165
16688.jpg,mountain,98.74887
16689.jpg,sea,99.81544
16690.jpg,glacier,99.72775
16698.jpg,sea,71.59828
16699.jpg,mountain,96.70469
16702.jpg,buildings,99.99187
16704.jpg,forest,99.9882
16706.jpg,glacier,94.489365
1671.jpg,forest,99.99701
16713.jpg,buildings,99.99835
16714.jpg,street,99.968445
16718.jpg,sea,92.4007
16722.jpg,mountain,99.54538
16724.jpg,glacier,87.83767
16725.jpg,mountain,85.85038
16729.jpg,forest,99.967155
16737.jpg,forest,83.96247
16738.jpg,sea,99.98894
16742.jpg,glacier,94.23445
16743.jpg,mountain,98.924736
16747.jpg,glacier,95.22998
16749.jpg,mountain,60.014446
16751.jpg,mountain,99.668976
16754.jpg,glacier,99.69408
16758.jpg,street,99.713394
16759.jpg,sea,96.8136
16760.jpg,forest,99.898544
16766.jpg,mountain,54.85044
16767.jpg,buildings,99.99744
16772.jpg,sea,99.43225
16777.jpg,forest,99.999306
16779.jpg,glacier,51.139824
1678.jpg,mountain,75.074646
16780.jpg,forest,99.88406
16781.jpg,mountain,99.942764
16782.jpg,forest,99.99989
16784.jpg,glacier,94.19023
16787.jpg,mountain,99.873535
16789.jpg,mountain,76.00952
16790.jpg,glacier,93.46851
16791.jpg,sea,99.611206
16794.jpg,buildings,99.99152
16796.jpg,forest,99.4466
1680.jpg,mountain,99.409676
16803.jpg,forest,99.99702
1681.jpg,sea,99.93389
16814.jpg,street,99.794
16815.jpg,glacier,99.16053
16816.jpg,street,99.98096
16818.jpg,glacier,94.64846
16819.jpg,mountain,99.335175
16820.jpg,street,96.85512
16822.jpg,mountain,98.11063
16825.jpg,forest,99.891495
16836.jpg,street,99.95695
16838.jpg,mountain,99.068275
16839.jpg,mountain,91.99434
16840.jpg,glacier,57.299347
16841.jpg,glacier,66.138
16844.jpg,glacier,97.214714
16846.jpg,glacier,89.02813
16849.jpg,street,99.984886
16850.jpg,glacier,48.906162
16851.jpg,forest,99.99926
16854.jpg,glacier,99.98369
16858.jpg,mountain,99.64734
16859.jpg,forest,99.81256
16860.jpg,buildings,90.808815
16864.jpg,glacier,97.39663
16866.jpg,sea,99.738686
16877.jpg,street,58.994057
16878.jpg,street,99.18095
1688.jpg,buildings,62.23883
16881.jpg,forest,96.89516
16883.jpg,forest,99.909805
16886.jpg,buildings,94.30759
16890.jpg,sea,99.9195
16892.jpg,forest,71.56831
16893.jpg,mountain,88.2548
16894.jpg,mountain,98.12568
169.jpg,street,94.592224
16900.jpg,mountain,99.75687
16907.jpg,buildings,89.52409
16908.jpg,sea,99.803024
16909.jpg,forest,99.98151
16915.jpg,forest,99.95303
16918.jpg,buildings,99.966255
16921.jpg,street,92.62359
16922.jpg,forest,97.40865
16924.jpg,buildings,82.99117
16934.jpg,glacier,99.13952
16937.jpg,sea,98.714325
1694.jpg,glacier,96.573
16940.jpg,mountain,88.7597
16941.jpg,glacier,98.17923
16945.jpg,sea,98.239914
16947.jpg,buildings,95.61787
16950.jpg,street,99.83114
16955.jpg,sea,99.11974
16957.jpg,glacier,99.774895
16958.jpg,forest,99.78102
16961.jpg,forest,99.81271
16964.jpg,mountain,94.54481
16967.jpg,glacier,84.4411
16968.jpg,street,92.51209
16970.jpg,glacier,92.17426
16976.jpg,mountain,72.00951
16978.jpg,sea,99.946075
16986.jpg,street,57.882626
16987.jpg,forest,99.99572
16993.jpg,glacier,70.89082
16995.jpg,forest,99.87017
16996.jpg,mountain,99.58966
16997.jpg,forest,99.98461
16999.jpg,mountain,99.83914
17003.jpg,street,73.49201
17010.jpg,glacier,57.21811
17012.jpg,street,99.80173
17016.jpg,forest,99.99331
17023.jpg,sea,57.59341
17035.jpg,mountain,99.21084
17037.jpg,mountain,98.385414
17039.jpg,mountain,93.36633
1704.jpg,forest,99.995995
17041.jpg,forest,99.90923
17046.jpg,glacier,71.478546
17048.jpg,sea,99.10144
17050.jpg,street,99.76349
17052.jpg,glacier,73.24929
17054.jpg,glacier,97.723526
17057.jpg,mountain,93.11425
17059.jpg,street,99.76961
17062.jpg,glacier,99.95972
17068.jpg,glacier,75.6242
17071.jpg,forest,98.61579
17079.jpg,sea,99.36803
1708.jpg,street,56.827267
17080.jpg,street,99.59388
17082.jpg,buildings,95.3117
17083.jpg,buildings,83.8993
17084.jpg,street,99.995804
17086.jpg,sea,99.967865
17088.jpg,buildings,99.97594
17090.jpg,forest,99.970276
171.jpg,sea,99.98778
17100.jpg,forest,99.98951
17103.jpg,sea,97.83328
17108.jpg,sea,99.29119
17109.jpg,street,99.981804
17115.jpg,street,96.53167
17116.jpg,mountain,93.25813
17118.jpg,buildings,100.0
1712.jpg,sea,99.26725
17121.jpg,street,99.15972
17125.jpg,forest,99.97034
17127.jpg,mountain,82.95036
17128.jpg,sea,98.43693
17129.jpg,forest,99.99261
1713.jpg,mountain,88.07506
17132.jpg,sea,95.808266
17133.jpg,mountain,93.12591
17134.jpg,buildings,99.97988
17140.jpg,forest,99.9985
17145.jpg,glacier,76.46642
17146.jpg,mountain,99.80362
17147.jpg,sea,49.914394
17148.jpg,glacier,36.213238
17150.jpg,sea,99.99546
17153.jpg,glacier,98.15723
17155.jpg,buildings,99.951385
17157.jpg,mountain,91.34613
17158.jpg,sea,99.88195
17159.jpg,sea,99.996605
17160.jpg,mountain,95.03094
17162.jpg,street,99.28124
17163.jpg,glacier,97.24874
17167.jpg,street,99.99863
1717.jpg,buildings,99.83353
17172.jpg,glacier,98.78569
17177.jpg,forest,99.99466
17182.jpg,buildings,48.887108
17185.jpg,glacier,85.49021
17186.jpg,glacier,98.750465
17188.jpg,street,99.811516
17192.jpg,glacier,96.388336
17195.jpg,mountain,99.561516
17196.jpg,sea,99.86969
17197.jpg,sea,99.93901
17199.jpg,sea,80.01849
172.jpg,forest,99.95857
17203.jpg,sea,99.993965
17208.jpg,forest,99.99602
17210.jpg,street,98.86523
17213.jpg,buildings,99.98866
17215.jpg,forest,99.997856
17218.jpg,sea,91.72417
17219.jpg,buildings,99.394966
1722.jpg,glacier,98.96882
17223.jpg,street,99.39181
17224.jpg,sea,99.2856
17231.jpg,buildings,40.51103
17233.jpg,glacier,86.22475
1724.jpg,street,99.47396
17241.jpg,street,95.36423
17243.jpg,street,96.969315
17245.jpg,sea,98.580444
17247.jpg,glacier,99.932465
17251.jpg,buildings,99.96598
17253.jpg,glacier,99.43188
17254.jpg,street,89.78341
17255.jpg,street,84.157196
17256.jpg,mountain,85.91261
1726.jpg,buildings,59.48014
17261.jpg,glacier,59.03296
17266.jpg,sea,95.21072
17269.jpg,sea,92.730606
1727.jpg,buildings,97.96283
17271.jpg,street,55.719494
17276.jpg,street,99.92631
17279.jpg,street,96.02554
17280.jpg,glacier,94.27229
17281.jpg,mountain,99.198
17282.jpg,sea,64.25339
17288.jpg,buildings,76.15921
17289.jpg,forest,99.99956
17290.jpg,glacier,95.035934
17292.jpg,forest,99.99939
17293.jpg,street,99.928925
17294.jpg,mountain,91.81441
173.jpg,mountain,67.82471
17300.jpg,glacier,99.00552
17303.jpg,forest,94.724686
17304.jpg,glacier,97.4488
17307.jpg,street,95.92082
17310.jpg,street,99.50205
17316.jpg,glacier,82.749535
17326.jpg,glacier,66.54926
17327.jpg,glacier,99.979004
17334.jpg,mountain,51.664143
17340.jpg,glacier,98.93048
17342.jpg,glacier,65.99916
17349.jpg,mountain,99.98941
17351.jpg,buildings,99.99014
17357.jpg,mountain,94.21887
17358.jpg,mountain,88.11224
17365.jpg,forest,99.896965
17366.jpg,sea,99.69902
17367.jpg,street,99.65976
17369.jpg,street,99.99996
1737.jpg,buildings,99.990616
17375.jpg,sea,50.634556
17376.jpg,forest,99.66402
17377.jpg,street,99.32882
17382.jpg,glacier,62.978107
17383.jpg,buildings,99.963425
17386.jpg,sea,99.51351
17388.jpg,mountain,97.46412
17391.jpg,buildings,99.99991
17392.jpg,glacier,92.24217
17395.jpg,sea,99.94463
17398.jpg,street,95.527695
17400.jpg,street,99.570305
17405.jpg,sea,86.90761
17407.jpg,mountain,86.10607
17408.jpg,sea,99.97829
17409.jpg,glacier,99.347404
17414.jpg,glacier,56.792686
17415.jpg,mountain,96.40722
17422.jpg,mountain,95.32752
17428.jpg,sea,93.54177
17430.jpg,mountain,59.372185
17436.jpg,street,99.92876
17437.jpg,buildings,99.982506
17438.jpg,buildings,99.3338
17440.jpg,street,99.99578
17447.jpg,mountain,99.97212
17448.jpg,forest,99.99714
1745.jpg,street,99.95728
17459.jpg,sea,98.89283
1746.jpg,forest,99.99653
17460.jpg,sea,99.98947
17465.jpg,glacier,96.14944
17467.jpg,forest,99.995995
17471.jpg,mountain,88.161766
17477.jpg,sea,99.357796
17478.jpg,forest,99.99941
17482.jpg,street,99.7879
17487.jpg,forest,99.94217
17489.jpg,mountain,98.966255
1749.jpg,buildings,99.286964
17493.jpg,street,99.9943
17501.jpg,sea,98.99905
17505.jpg,sea,99.256775
17512.jpg,glacier,82.416626
17513.jpg,sea,99.19767
17517.jpg,glacier,30.535088
17518.jpg,forest,99.99534
1752.jpg,street,98.797516
17524.jpg,glacier,55.48091
17525.jpg,buildings,99.92381
17533.jpg,street,99.80103
17534.jpg,street,58.93253
17535.jpg,forest,99.99119
17536.jpg,glacier,77.13629
17538.jpg,glacier,99.18925
17542.jpg,mountain,97.09128
17546.jpg,forest,99.97973
17549.jpg,glacier,99.996475
17550.jpg,buildings,99.42359
17556.jpg,mountain,93.72749
1756.jpg,sea,96.97477
17561.jpg,mountain,98.67623
17565.jpg,mountain,81.067566
17572.jpg,forest,93.47519
17573.jpg,forest,99.617935
17578.jpg,street,80.73094
17580.jpg,forest,69.499725
17582.jpg,sea,99.95034
17584.jpg,street,99.98489
17592.jpg,mountain,94.794754
17595.jpg,mountain,99.89994
17596.jpg,sea,99.99988
17598.jpg,forest,99.98154
17599.jpg,glacier,99.95473
176.jpg,mountain,80.41394
17601.jpg,forest,99.950386
17606.jpg,glacier,99.97721
17608.jpg,buildings,99.997475
17610.jpg,street,99.99442
17614.jpg,forest,99.994705
17618.jpg,sea,97.18499
17619.jpg,buildings,99.765564
17620.jpg,mountain,80.84738
17623.jpg,street,99.96859
17626.jpg,mountain,99.00872
17627.jpg,forest,99.98387
17629.jpg,glacier,90.88895
17630.jpg,forest,99.99435
17634.jpg,buildings,99.99759
17635.jpg,street,86.18353
17637.jpg,buildings,99.44061
1764.jpg,street,93.35728
17640.jpg,forest,99.98079
17641.jpg,street,99.998344
17644.jpg,buildings,83.86395
17646.jpg,street,99.76898
17649.jpg,mountain,99.61658
17650.jpg,street,99.99983
17653.jpg,sea,99.8431
17656.jpg,buildings,99.34063
17658.jpg,glacier,56.85029
17659.jpg,street,97.65425
17665.jpg,buildings,99.942566
17669.jpg,forest,99.422195
17676.jpg,buildings,99.50741
17677.jpg,glacier,98.68111
17681.jpg,forest,99.97241
17684.jpg,street,99.99622
17686.jpg,glacier,99.86678
1769.jpg,glacier,95.42294
17692.jpg,forest,99.9786
17694.jpg,mountain,93.571945
17696.jpg,forest,99.99925
17699.jpg,buildings,99.93233
17703.jpg,street,99.99301
17704.jpg,mountain,76.16959
17709.jpg,street,99.99394
1771.jpg,sea,99.8604
17710.jpg,mountain,58.995193
17720.jpg,forest,99.998856
17723.jpg,buildings,99.970146
17728.jpg,sea,99.99102
17733.jpg,mountain,93.168724
17737.jpg,sea,99.90167
17738.jpg,street,76.72485
17746.jpg,glacier,99.90324
17748.jpg,glacier,99.951614
17749.jpg,forest,96.15046
17752.jpg,forest,99.7451
17753.jpg,forest,99.99509
17754.jpg,sea,65.52818
1776.jpg,glacier,65.99591
17762.jpg,street,99.89881
17763.jpg,mountain,90.70537
1777.jpg,buildings,99.902855
17772.jpg,mountain,61.218254
17774.jpg,buildings,99.53518
17778.jpg,glacier,97.66591
17779.jpg,sea,99.86612
1779.jpg,buildings,99.998184
17790.jpg,forest,99.99854
17791.jpg,sea,98.99797
17792.jpg,glacier,72.95343
1780.jpg,sea,98.19002
17800.jpg,sea,99.83435
17802.jpg,glacier,99.57951
17804.jpg,buildings,99.999985
17813.jpg,glacier,95.83132
17815.jpg,buildings,52.613556
17816.jpg,glacier,99.362915
17828.jpg,mountain,66.999855
17829.jpg,mountain,98.84769
1783.jpg,street,99.91696
17832.jpg,glacier,99.99095
17833.jpg,forest,99.98739
17836.jpg,buildings,99.85187
17839.jpg,sea,94.46599
17843.jpg,glacier,99.67848
1785.jpg,sea,94.01593
17850.jpg,mountain,85.2631
17851.jpg,mountain,96.20365
17858.jpg,street,99.8285
17859.jpg,sea,68.97045
17861.jpg,glacier,95.8121
17862.jpg,sea,99.740074
17863.jpg,street,98.06523
17867.jpg,forest,99.9586
17869.jpg,forest,76.80689
17870.jpg,glacier,99.99361
17871.jpg,mountain,97.86944
17874.jpg,glacier,89.04339
17876.jpg,forest,99.97129
17878.jpg,sea,53.802742
17879.jpg,street,75.38812
17880.jpg,glacier,62.908054
17883.jpg,mountain,57.029663
17884.jpg,forest,98.745316
17899.jpg,mountain,47.352825
179.jpg,mountain,51.919098
17901.jpg,mountain,99.70878
17907.jpg,forest,99.98767
17908.jpg,forest,99.93325
17909.jpg,forest,99.99811
17911.jpg,street,89.19434
17917.jpg,street,85.57881
17921.jpg,street,97.5195
17929.jpg,forest,99.187836
1793.jpg,buildings,99.12318
17931.jpg,buildings,58.321518
17935.jpg,forest,99.990974
17938.jpg,buildings,99.997345
17943.jpg,street,99.89808
17945.jpg,sea,80.165276
17949.jpg,glacier,75.580444
1795.jpg,forest,99.79086
17950.jpg,forest,59.84217
17955.jpg,mountain,99.238365
17960.jpg,buildings,99.70242
17961.jpg,forest,99.738235
1797.jpg,glacier,53.232826
17974.jpg,glacier,99.97856
17976.jpg,sea,34.12816
17979.jpg,street,99.88815
17982.jpg,sea,99.93794
17984.jpg,buildings,99.99216
17988.jpg,buildings,99.994255
17990.jpg,buildings,99.81383
17995.jpg,street,99.82994
1800.jpg,forest,99.999794
18004.jpg,buildings,99.99837
18008.jpg,street,99.8844
1801.jpg,sea,95.292244
18010.jpg,street,95.54263
18013.jpg,glacier,97.327354
18019.jpg,forest,99.992134
1802.jpg,forest,99.8273
18021.jpg,sea,99.935074
18030.jpg,street,89.55656
18032.jpg,street,99.98468
18033.jpg,buildings,91.96709
18036.jpg,mountain,89.92818
18039.jpg,sea,99.455574
18040.jpg,glacier,99.98495
18041.jpg,street,99.36672
18047.jpg,forest,99.998055
18048.jpg,buildings,99.939156
18049.jpg,buildings,99.97775
18054.jpg,sea,98.86896
18055.jpg,glacier,90.01556
18058.jpg,street,58.633087
18061.jpg,street,99.99279
18062.jpg,glacier,99.23819
18066.jpg,street,99.998726
18067.jpg,mountain,99.517715
18068.jpg,glacier,98.40939
18069.jpg,buildings,98.835846
18071.jpg,street,99.86163
1808.jpg,mountain,95.82927
18080.jpg,glacier,98.17059
18081.jpg,forest,99.97134
18082.jpg,buildings,99.9513
18083.jpg,sea,98.582596
18085.jpg,glacier,80.30723
18090.jpg,sea,46.85942
18093.jpg,sea,99.829
18094.jpg,sea,98.68374
18097.jpg,forest,99.987206
18098.jpg,mountain,98.99732
18109.jpg,mountain,95.27586
18112.jpg,mountain,92.003235
18113.jpg,street,99.88039
18118.jpg,forest,99.8248
18119.jpg,street,69.16556
1812.jpg,buildings,99.85331
18121.jpg,street,99.82088
18126.jpg,glacier,94.09641
18127.jpg,buildings,99.95184
18130.jpg,sea,99.765816
18134.jpg,buildings,99.949394
1814.jpg,forest,99.925766
18141.jpg,street,99.99856
18148.jpg,forest,99.99818
1815.jpg,mountain,98.96677
1816.jpg,mountain,54.543686
18160.jpg,street,99.0925
18168.jpg,glacier,98.81516
18169.jpg,sea,98.77748
18171.jpg,forest,95.44204
18172.jpg,street,77.62969
18174.jpg,street,99.99724
18178.jpg,forest,99.923584
18179.jpg,sea,99.849464
18181.jpg,buildings,98.84483
18183.jpg,glacier,99.97949
18188.jpg,glacier,78.42052
18193.jpg,street,99.86463
18194.jpg,buildings,99.88999
18198.jpg,street,99.71553
182.jpg,street,99.65888
18200.jpg,street,99.992035
1821.jpg,glacier,96.36882
18210.jpg,forest,99.866165
18212.jpg,sea,99.940765
1822.jpg,buildings,98.94929
18220.jpg,forest,99.80147
18223.jpg,forest,99.33096
18225.jpg,street,85.395615
18227.jpg,glacier,99.897575
18228.jpg,buildings,70.58864
18229.jpg,street,99.55989
18241.jpg,mountain,96.357574
18246.jpg,glacier,96.36165
18250.jpg,forest,99.98491
18254.jpg,street,94.7675
18257.jpg,sea,99.94241
18259.jpg,buildings,99.983154
18274.jpg,mountain,89.10502
18276.jpg,street,94.50214
18278.jpg,forest,99.81606
18282.jpg,forest,99.92975
18285.jpg,sea,99.37267
18286.jpg,buildings,99.9823
18295.jpg,glacier,99.98835
18296.jpg,forest,99.98881
18297.jpg,sea,97.62097
18298.jpg,mountain,95.62375
183.jpg,forest,99.968735
1830.jpg,mountain,76.30377
18304.jpg,sea,99.79759
18307.jpg,street,68.6547
1831.jpg,glacier,99.753716
18314.jpg,mountain,97.51394
18315.jpg,street,99.76421
18319.jpg,sea,99.547005
18326.jpg,street,98.58349
18330.jpg,mountain,89.60794
18333.jpg,forest,99.99596
18338.jpg,forest,99.86231
1834.jpg,sea,43.091064
18340.jpg,glacier,99.75109
18346.jpg,buildings,92.049034
1835.jpg,mountain,99.21768
18352.jpg,buildings,93.105736
18357.jpg,street,80.82114
18358.jpg,mountain,97.1998
18362.jpg,street,99.97593
18365.jpg,forest,86.06921
1837.jpg,glacier,97.63559
18370.jpg,forest,99.95907
18371.jpg,street,99.89334
18376.jpg,glacier,98.87547
18377.jpg,buildings,68.476585
18378.jpg,street,99.80153
18379.jpg,glacier,50.565125
18387.jpg,forest,99.55917
1839.jpg,mountain,77.418434
18391.jpg,forest,99.945984
18395.jpg,glacier,64.98682
18396.jpg,sea,95.87673
18399.jpg,sea,96.8249
18402.jpg,buildings,99.95715
18404.jpg,buildings,79.44484
18405.jpg,sea,78.41234
18406.jpg,mountain,99.86459
18410.jpg,buildings,99.98222
18413.jpg,forest,99.95944
18414.jpg,sea,93.03493
1842.jpg,glacier,99.878426
18427.jpg,forest,99.09795
18434.jpg,glacier,99.99331
18448.jpg,forest,99.86696
18450.jpg,forest,99.99971
18458.jpg,buildings,99.94402
18459.jpg,sea,99.97235
18461.jpg,mountain,99.33339
18464.jpg,forest,99.99996
1847.jpg,glacier,56.915165
18475.jpg,buildings,99.876724
18477.jpg,sea,97.6539
18478.jpg,glacier,97.39267
18479.jpg,glacier,99.717674
18482.jpg,sea,98.53523
18488.jpg,mountain,79.393394
18491.jpg,mountain,69.07873
18492.jpg,glacier,57.584415
18497.jpg,buildings,97.99076
185.jpg,mountain,97.05977
18504.jpg,forest,99.98048
18506.jpg,street,99.80557
18509.jpg,sea,91.449524
18510.jpg,buildings,99.922264
18512.jpg,sea,99.996376
18513.jpg,forest,99.99862
18519.jpg,forest,98.8741
18522.jpg,street,99.791176
18528.jpg,mountain,85.16616
18530.jpg,forest,55.099476
18536.jpg,mountain,99.30602
18537.jpg,forest,99.89892
18540.jpg,sea,99.83824
18543.jpg,glacier,62.49396
18545.jpg,glacier,99.99852
18549.jpg,forest,99.95796
18554.jpg,mountain,98.37676
18562.jpg,mountain,96.11891
18563.jpg,mountain,56.183304
18570.jpg,street,99.93203
18579.jpg,sea,99.8914
18581.jpg,glacier,97.46765
18583.jpg,street,99.90945
18585.jpg,forest,99.97907
18588.jpg,mountain,68.46647
18589.jpg,mountain,25.118696
18591.jpg,forest,99.997055
18594.jpg,buildings,98.03971
18596.jpg,street,89.354004
18599.jpg,glacier,95.783295
18601.jpg,forest,99.99862
18604.jpg,buildings,56.726295
18607.jpg,street,99.45116
18608.jpg,street,95.14926
18609.jpg,buildings,99.97699
18610.jpg,street,99.969246
18611.jpg,street,99.9688
18613.jpg,mountain,92.01384
18616.jpg,forest,75.14742
18617.jpg,glacier,99.95922
18619.jpg,glacier,99.97293
18620.jpg,mountain,90.00676
18623.jpg,sea,99.9972
18624.jpg,forest,99.99568
18626.jpg,mountain,65.86914
18627.jpg,glacier,96.55185
18633.jpg,sea,99.5305
18635.jpg,street,99.284134
18640.jpg,street,88.463844
18641.jpg,sea,98.944664
18642.jpg,forest,99.99086
18647.jpg,sea,98.72758
18649.jpg,mountain,99.87688
18650.jpg,buildings,93.670944
18653.jpg,sea,98.93435
18662.jpg,mountain,98.51917
18665.jpg,sea,99.762
18669.jpg,mountain,74.26234
18673.jpg,glacier,98.37022
18681.jpg,mountain,99.504
18684.jpg,mountain,63.669266
18685.jpg,sea,99.992546
18688.jpg,mountain,91.26655
18693.jpg,forest,99.99603
18695.jpg,glacier,88.90276
18698.jpg,mountain,98.85033
18703.jpg,forest,99.75237
18706.jpg,glacier,79.988785
18708.jpg,mountain,75.82922
18713.jpg,glacier,99.98797
18714.jpg,forest,99.91208
18719.jpg,forest,99.983635
18722.jpg,glacier,99.21927
18727.jpg,forest,99.97267
18728.jpg,buildings,99.996864
18729.jpg,mountain,90.7539
18732.jpg,street,88.552635
18733.jpg,buildings,83.06442
18734.jpg,forest,99.979225
18738.jpg,glacier,87.098404
18739.jpg,sea,99.685104
18746.jpg,mountain,83.140045
18747.jpg,mountain,97.578255
18750.jpg,mountain,94.72814
18759.jpg,street,85.72128
1876.jpg,buildings,54.937492
18760.jpg,sea,99.455574
18762.jpg,mountain,93.38358
18766.jpg,forest,73.2354
18768.jpg,sea,99.88856
18774.jpg,sea,99.88601
18775.jpg,street,99.99759
18778.jpg,street,99.99964
18782.jpg,forest,99.99928
18800.jpg,glacier,66.40276
18801.jpg,sea,69.21878
18802.jpg,street,99.92987
18806.jpg,street,98.697296
18810.jpg,street,96.06684
18813.jpg,street,97.31794
18818.jpg,sea,99.91876
1882.jpg,mountain,91.389755
18825.jpg,buildings,99.47852
18830.jpg,forest,99.99936
18833.jpg,street,84.89054
18836.jpg,forest,99.99991
1884.jpg,street,50.20337
18844.jpg,buildings,99.99818
18845.jpg,glacier,95.00573
18847.jpg,mountain,95.91188
1885.jpg,glacier,99.99783
18850.jpg,glacier,89.48788
18852.jpg,sea,80.6035
18857.jpg,buildings,99.999916
18858.jpg,forest,99.87283
18859.jpg,glacier,99.99998
18861.jpg,glacier,69.34138
18862.jpg,street,84.60441
18867.jpg,forest,99.83743
18868.jpg,forest,98.35585
18869.jpg,street,57.931473
18871.jpg,glacier,99.98797
18873.jpg,forest,99.99888
18879.jpg,street,87.36459
18886.jpg,forest,99.99993
1889.jpg,mountain,94.13223
18890.jpg,mountain,98.00388
18892.jpg,sea,99.972015
18896.jpg,glacier,99.97646
18904.jpg,street,99.75293
18910.jpg,sea,92.4648
18924.jpg,sea,46.46098
1893.jpg,glacier,40.873455
18935.jpg,sea,81.96567
18939.jpg,sea,99.991905
18943.jpg,buildings,99.99273
18948.jpg,street,98.73179
18949.jpg,mountain,97.23386
18953.jpg,mountain,56.2854
18956.jpg,buildings,66.14669
18961.jpg,glacier,99.791046
18964.jpg,glacier,97.21438
18966.jpg,glacier,59.81551
18968.jpg,buildings,99.99963
18969.jpg,sea,99.93626
1897.jpg,mountain,98.10465
18970.jpg,forest,99.98279
18973.jpg,buildings,99.98208
18975.jpg,sea,42.4397
18976.jpg,sea,99.98567
18979.jpg,mountain,92.840355
18981.jpg,sea,99.58341
18983.jpg,buildings,93.908226
18985.jpg,mountain,95.58475
18986.jpg,glacier,97.8206
18987.jpg,glacier,99.89748
18994.jpg,glacier,99.87394
18996.jpg,buildings,99.78613
18998.jpg,sea,86.44385
19006.jpg,forest,99.99366
19008.jpg,buildings,99.999985
19012.jpg,mountain,69.33861
19018.jpg,forest,99.95576
19021.jpg,sea,99.216545
19022.jpg,street,99.97687
19025.jpg,sea,99.21753
19028.jpg,sea,99.96903
19029.jpg,buildings,62.53076
19033.jpg,sea,98.94846
19034.jpg,mountain,87.13242
19042.jpg,glacier,92.0698
19046.jpg,street,99.94273
19047.jpg,sea,99.7012
19048.jpg,street,93.34474
19050.jpg,street,99.85354
19053.jpg,sea,99.99627
19054.jpg,mountain,92.98876
19059.jpg,buildings,99.97609
1906.jpg,street,99.74164
19060.jpg,street,99.93822
19062.jpg,glacier,98.434135
19064.jpg,sea,97.15081
19065.jpg,mountain,98.964134
19069.jpg,mountain,99.71152
19073.jpg,buildings,86.084
19074.jpg,buildings,76.83075
19079.jpg,street,99.69963
19082.jpg,buildings,99.995735
19083.jpg,street,94.3629
19084.jpg,street,99.96097
19086.jpg,forest,99.96087
19087.jpg,forest,80.67993
19088.jpg,sea,99.998024
19092.jpg,sea,99.82446
19093.jpg,forest,99.27906
19096.jpg,buildings,99.30522
19099.jpg,glacier,99.900345
19100.jpg,mountain,80.49568
19102.jpg,mountain,99.29059
19105.jpg,forest,99.984955
19106.jpg,sea,83.53531
19107.jpg,forest,99.911766
19109.jpg,forest,99.99244
19111.jpg,mountain,96.095955
19117.jpg,buildings,99.98508
19123.jpg,glacier,99.27515
19128.jpg,forest,99.99975
19135.jpg,forest,99.61916
1914.jpg,buildings,99.955
19143.jpg,buildings,99.99871
19146.jpg,street,99.911575
19148.jpg,street,51.623047
19149.jpg,glacier,84.238434
19155.jpg,sea,99.25196
19157.jpg,buildings,99.99985
19160.jpg,buildings,99.132866
19165.jpg,glacier,99.812775
19172.jpg,sea,99.802986
19174.jpg,street,99.96815
1918.jpg,forest,99.999916
19181.jpg,buildings,98.98757
19188.jpg,forest,98.55031
19190.jpg,forest,99.9813
19191.jpg,sea,99.39059
19194.jpg,sea,99.93962
1920.jpg,buildings,99.99989
19201.jpg,forest,99.99975
19208.jpg,glacier,98.423454
19219.jpg,forest,99.99941
1922.jpg,buildings,99.87179
19222.jpg,glacier,96.19932
19229.jpg,forest,99.99976
1923.jpg,sea,99.80089
19231.jpg,street,74.9438
19232.jpg,street,99.47213
19233.jpg,buildings,99.99975
19234.jpg,glacier,51.527267
19239.jpg,buildings,97.91982
1924.jpg,street,39.81828
19246.jpg,mountain,87.31991
19248.jpg,mountain,35.255085
19254.jpg,glacier,99.99818
19258.jpg,forest,99.992455
19262.jpg,forest,99.99956
19264.jpg,mountain,99.734344
19269.jpg,sea,98.62053
19271.jpg,forest,99.977974
19275.jpg,glacier,99.972694
19278.jpg,glacier,99.960365
19283.jpg,mountain,99.564644
19287.jpg,street,99.988556
19288.jpg,buildings,98.286575
1929.jpg,street,98.46462
19301.jpg,sea,85.914795
19309.jpg,forest,99.99998
1931.jpg,sea,98.75544
19310.jpg,buildings,99.767235
19313.jpg,glacier,99.964905
19315.jpg,mountain,99.024536
19316.jpg,forest,99.94167
19320.jpg,street,99.74741
19321.jpg,forest,99.77385
19322.jpg,glacier,94.3087
19324.jpg,forest,99.45715
19327.jpg,buildings,97.89073
19330.jpg,buildings,99.99993
19333.jpg,street,99.95847
1934.jpg,forest,99.89417
19340.jpg,forest,99.99788
19341.jpg,mountain,98.67893
19346.jpg,buildings,99.9246
1935.jpg,sea,99.77849
19351.jpg,forest,99.93442
19361.jpg,glacier,99.769035
19365.jpg,glacier,79.267
19366.jpg,street,99.27023
19368.jpg,buildings,99.22385
19370.jpg,glacier,94.051254
19372.jpg,glacier,97.97972
19376.jpg,forest,99.99813
19381.jpg,glacier,93.530754
19382.jpg,glacier,96.664474
19385.jpg,glacier,80.12045
19390.jpg,glacier,99.99303
19392.jpg,mountain,96.76454
19393.jpg,glacier,84.19845
19395.jpg,mountain,99.12405
19396.jpg,street,99.93605
19408.jpg,forest,99.99889
19409.jpg,buildings,99.977295
19410.jpg,mountain,51.158684
19414.jpg,forest,99.97812
19421.jpg,street,99.90319
19423.jpg,street,99.99998
19424.jpg,glacier,97.591705
19426.jpg,glacier,99.999794
19427.jpg,buildings,83.131134
19432.jpg,buildings,98.867645
19433.jpg,mountain,99.88102
19435.jpg,mountain,84.45025
19436.jpg,forest,99.99962
19442.jpg,forest,99.99708
19445.jpg,buildings,99.99846
19448.jpg,forest,99.24963
1945.jpg,forest,99.88089
19452.jpg,glacier,99.432785
19457.jpg,street,99.98982
19458.jpg,buildings,99.95301
19467.jpg,street,98.41244
19469.jpg,glacier,99.25242
19470.jpg,street,94.805504
19471.jpg,street,99.078606
19472.jpg,street,99.969574
19473.jpg,mountain,98.611336
19474.jpg,sea,98.66511
19475.jpg,street,86.3674
19476.jpg,forest,99.999466
19479.jpg,sea,99.6786
1948.jpg,forest,99.98618
19480.jpg,forest,99.91675
19481.jpg,glacier,98.594574
19482.jpg,forest,99.75402
19485.jpg,glacier,67.4049
1949.jpg,sea,97.05267
19497.jpg,glacier,85.4119
19500.jpg,buildings,99.99969
19501.jpg,glacier,70.22701
19503.jpg,glacier,85.81122
19504.jpg,street,99.847374
19506.jpg,glacier,98.0793
1951.jpg,street,50.783504
19518.jpg,glacier,99.50514
19520.jpg,street,87.89936
19521.jpg,mountain,80.23479
19525.jpg,mountain,95.84003
19527.jpg,mountain,97.72144
19528.jpg,buildings,99.973335
19539.jpg,buildings,99.933136
19540.jpg,mountain,60.87867
19543.jpg,mountain,98.19229
19549.jpg,sea,99.28095
19557.jpg,sea,98.90422
19558.jpg,street,87.32405
19560.jpg,street,99.272835
19561.jpg,street,67.8386
19562.jpg,buildings,99.99975
19564.jpg,forest,99.99693
19568.jpg,street,99.94718
19569.jpg,mountain,97.364334
19570.jpg,glacier,93.04604
19572.jpg,street,99.99884
19575.jpg,glacier,85.68253
19577.jpg,forest,99.99993
19581.jpg,street,99.912544
19583.jpg,glacier,69.39154
19587.jpg,street,99.93205
19590.jpg,forest,99.9866
19592.jpg,mountain,99.51612
19596.jpg,sea,85.02076
19597.jpg,buildings,75.76525
19602.jpg,forest,99.92662
19604.jpg,glacier,59.460415
19606.jpg,sea,99.87448
19610.jpg,glacier,53.14258
19611.jpg,sea,78.55685
19614.jpg,buildings,99.99907
19618.jpg,glacier,97.08837
19619.jpg,glacier,99.52143
19620.jpg,glacier,74.096115
19628.jpg,street,87.89851
19629.jpg,forest,98.731834
19631.jpg,glacier,81.50646
19632.jpg,mountain,96.63476
19633.jpg,glacier,50.077045
19634.jpg,sea,95.09652
19637.jpg,sea,94.252945
19641.jpg,sea,99.84403
19644.jpg,buildings,98.76961
19645.jpg,sea,84.07371
19646.jpg,buildings,93.30146
19648.jpg,forest,99.99281
1965.jpg,forest,99.98495
19651.jpg,glacier,99.98805
19653.jpg,buildings,88.64257
19654.jpg,buildings,99.94669
19655.jpg,street,99.99712
19657.jpg,glacier,99.963745
19658.jpg,sea,99.832634
19665.jpg,buildings,98.74651
19670.jpg,mountain,95.05939
19671.jpg,sea,99.96618
19672.jpg,buildings,96.09676
19673.jpg,forest,99.60457
19678.jpg,sea,99.845314
19681.jpg,street,99.97971
19682.jpg,sea,85.487335
19684.jpg,buildings,74.7745
19685.jpg,buildings,98.75739
19686.jpg,forest,99.999664
19687.jpg,sea,99.97973
1969.jpg,street,99.138626
19690.jpg,buildings,99.79937
19696.jpg,street,99.54574
19702.jpg,forest,99.96334
19707.jpg,forest,98.885735
1971.jpg,forest,99.982544
19710.jpg,sea,98.63257
19712.jpg,mountain,97.6845
19717.jpg,forest,99.9971
1972.jpg,mountain,60.579212
19725.jpg,sea,87.56278
19726.jpg,street,99.99169
19727.jpg,glacier,96.92508
19729.jpg,forest,99.99731
1973.jpg,buildings,79.20454
19731.jpg,buildings,88.81578
19733.jpg,sea,99.80574
19734.jpg,buildings,64.96584
19742.jpg,sea,99.07097
19744.jpg,glacier,99.99884
19745.jpg,forest,99.98835
19748.jpg,street,99.71116
1975.jpg,glacier,91.2411
19751.jpg,buildings,76.19941
19754.jpg,glacier,97.40548
19757.jpg,glacier,99.99832
19759.jpg,forest,99.940956
19763.jpg,street,64.60107
19767.jpg,buildings,99.78094
19775.jpg,forest,99.99566
19785.jpg,buildings,94.068565
19787.jpg,forest,99.8946
19788.jpg,glacier,99.84079
19790.jpg,forest,99.83128
19792.jpg,glacier,99.576355
19797.jpg,mountain,98.48498
198.jpg,mountain,99.62082
19801.jpg,forest,99.93966
19803.jpg,buildings,94.30392
19804.jpg,buildings,92.02817
19821.jpg,buildings,99.89331
19822.jpg,sea,99.855606
1983.jpg,forest,99.99845
19831.jpg,sea,99.93876
19836.jpg,glacier,99.773895
19838.jpg,buildings,94.14797
19839.jpg,buildings,96.88955
19842.jpg,forest,99.95703
19847.jpg,forest,98.507904
1985.jpg,mountain,52.67459
19850.jpg,street,81.091576
19852.jpg,forest,99.95832
19856.jpg,glacier,71.73828
1986.jpg,forest,99.96952
19863.jpg,forest,99.99744
19869.jpg,glacier,81.16484
1987.jpg,street,99.9965
19870.jpg,street,99.97861
19871.jpg,sea,98.40698
19873.jpg,sea,51.281868
19875.jpg,buildings,99.961266
19877.jpg,glacier,99.478355
19880.jpg,glacier,97.33325
19881.jpg,mountain,97.155914
19890.jpg,mountain,99.87454
19893.jpg,street,99.97113
19899.jpg,street,99.99299
199.jpg,forest,99.825424
1990.jpg,glacier,50.364513
19902.jpg,buildings,98.384285
19906.jpg,street,99.99434
19908.jpg,glacier,68.730156
19911.jpg,glacier,99.981575
19914.jpg,sea,98.31155
19916.jpg,mountain,99.93986
19918.jpg,street,64.47369
19919.jpg,sea,98.29109
1992.jpg,mountain,53.624928
19931.jpg,glacier,99.22819
19933.jpg,street,99.85532
1994.jpg,glacier,96.68362
19941.jpg,glacier,40.166054
19942.jpg,glacier,71.09101
19943.jpg,street,99.391655
19944.jpg,forest,99.998116
19949.jpg,mountain,96.88795
1995.jpg,forest,99.98802
19951.jpg,street,99.99358
19957.jpg,glacier,99.78946
19968.jpg,forest,99.861206
1997.jpg,sea,87.488686
19972.jpg,street,99.99968
19977.jpg,forest,99.99814
19979.jpg,sea,99.88797
19980.jpg,forest,99.89379
19984.jpg,mountain,91.28503
19986.jpg,street,99.2601
19991.jpg,forest,99.999344
19994.jpg,glacier,88.26847
19997.jpg,street,99.98203
19998.jpg,glacier,76.10826
20003.jpg,mountain,90.761986
20005.jpg,glacier,49.58674
20009.jpg,buildings,99.08312
2001.jpg,mountain,53.20757
20012.jpg,glacier,99.85354
20015.jpg,glacier,99.97519
20020.jpg,forest,99.76009
20021.jpg,forest,99.46808
20022.jpg,mountain,76.48147
20023.jpg,buildings,99.14606
20025.jpg,glacier,99.93271
20029.jpg,sea,99.99454
20031.jpg,mountain,64.10971
20032.jpg,forest,99.99284
20034.jpg,mountain,79.6427
20035.jpg,street,92.24397
20037.jpg,buildings,98.71596
20038.jpg,sea,66.78996
20039.jpg,forest,72.396614
20042.jpg,forest,90.88242
20043.jpg,glacier,96.61981
20047.jpg,sea,99.81873
20049.jpg,sea,64.41649
20050.jpg,glacier,50.119125
20055.jpg,street,96.23251
20063.jpg,street,93.55602
20065.jpg,glacier,97.30615
2007.jpg,buildings,94.43846
20086.jpg,mountain,96.77739
2009.jpg,sea,53.513496
20097.jpg,mountain,59.476555
20101.jpg,buildings,99.943504
20102.jpg,forest,99.9989
20103.jpg,glacier,99.916145
20104.jpg,glacier,91.05381
20105.jpg,buildings,58.648026
2011.jpg,forest,99.93703
20110.jpg,sea,99.999146
20118.jpg,sea,99.630226
20119.jpg,forest,99.999344
20121.jpg,sea,99.98705
20122.jpg,street,99.23867
20125.jpg,mountain,98.56005
20128.jpg,street,99.81371
20130.jpg,mountain,87.370384
20132.jpg,buildings,100.0
20135.jpg,forest,99.819145
20139.jpg,street,99.99622
20141.jpg,street,99.674416
20143.jpg,sea,53.84391
20145.jpg,mountain,92.54139
20146.jpg,buildings,70.79976
20149.jpg,sea,64.81316
20155.jpg,mountain,93.80491
20156.jpg,street,99.58154
2016.jpg,street,93.96191
20169.jpg,mountain,95.3594
2017.jpg,buildings,99.96211
20180.jpg,mountain,98.85089
20182.jpg,forest,99.99678
20188.jpg,forest,84.75363
20192.jpg,street,99.79211
20193.jpg,buildings,89.36783
20196.jpg,street,99.92607
20197.jpg,buildings,99.99379
20199.jpg,glacier,94.78992
2020.jpg,street,97.97812
20200.jpg,street,99.88907
20201.jpg,mountain,87.20282
20203.jpg,sea,80.997696
20205.jpg,forest,99.98604
20208.jpg,mountain,51.91434
20213.jpg,buildings,99.99478
20214.jpg,sea,99.95523
20215.jpg,sea,99.97949
20217.jpg,mountain,51.651146
20219.jpg,street,96.68023
2022.jpg,buildings,99.96378
20220.jpg,glacier,99.67471
20223.jpg,mountain,99.080055
20224.jpg,forest,99.99784
2023.jpg,street,70.4506
20233.jpg,buildings,99.63774
20235.jpg,forest,99.999916
20237.jpg,mountain,82.80205
20239.jpg,glacier,96.966446
2024.jpg,street,62.292164
20244.jpg,mountain,96.84973
20248.jpg,buildings,73.97386
2025.jpg,buildings,99.98546
20251.jpg,forest,99.99957
20254.jpg,glacier,58.881306
20258.jpg,glacier,99.985596
2026.jpg,sea,99.998985
20262.jpg,forest,99.983284
20263.jpg,mountain,70.20924
20278.jpg,glacier,98.63128
20279.jpg,glacier,63.74586
2028.jpg,glacier,78.78067
20280.jpg,sea,99.117226
20284.jpg,sea,99.981705
20290.jpg,street,99.994514
20291.jpg,buildings,95.81975
20295.jpg,buildings,99.99026
20298.jpg,mountain,98.87302
203.jpg,buildings,79.54593
2030.jpg,street,99.54045
20301.jpg,sea,99.402855
20302.jpg,mountain,98.666084
20308.jpg,sea,99.78462
2031.jpg,buildings,99.77805
20312.jpg,forest,99.966
20321.jpg,forest,92.706955
20323.jpg,street,96.30802
20324.jpg,sea,99.98285
20325.jpg,sea,57.325024
2033.jpg,forest,99.8938
20338.jpg,mountain,90.702805
20339.jpg,street,99.16603
2034.jpg,forest,60.886047
20340.jpg,forest,99.98462
20349.jpg,street,99.97263
2035.jpg,forest,99.99443
20351.jpg,glacier,99.89242
20354.jpg,forest,99.938286
20360.jpg,mountain,36.59964
20361.jpg,forest,99.994934
20364.jpg,mountain,94.87366
20368.jpg,glacier,69.132996
20369.jpg,glacier,99.993645
20375.jpg,forest,99.983574
20376.jpg,buildings,99.96198
20377.jpg,glacier,93.33604
20381.jpg,street,96.3493
20385.jpg,mountain,98.84276
2039.jpg,buildings,99.99574
20391.jpg,street,99.99551
20396.jpg,buildings,99.98871
20399.jpg,forest,94.80607
20403.jpg,buildings,98.36668
20404.jpg,sea,99.29913
20407.jpg,buildings,99.94587
20410.jpg,forest,99.993324
20412.jpg,forest,99.92255
20415.jpg,sea,99.99258
20420.jpg,sea,99.74273
20422.jpg,glacier,88.32209
20426.jpg,buildings,92.983475
20428.jpg,mountain,98.85098
20429.jpg,buildings,97.41173
20434.jpg,sea,49.77385
20437.jpg,sea,63.64337
20442.jpg,sea,98.988754
20445.jpg,mountain,89.70382
20451.jpg,glacier,99.99841
20452.jpg,buildings,89.51667
20453.jpg,glacier,78.24606
20456.jpg,mountain,99.92137
2046.jpg,glacier,76.927
20462.jpg,street,99.9236
20463.jpg,mountain,94.008484
20466.jpg,mountain,99.51018
20468.jpg,buildings,92.18829
20469.jpg,glacier,93.830185
2047.jpg,forest,96.31392
20470.jpg,buildings,99.91726
20471.jpg,buildings,99.979706
20478.jpg,forest,99.19713
20481.jpg,sea,99.89303
20483.jpg,glacier,88.30818
20488.jpg,street,99.88439
20492.jpg,glacier,99.92312
20496.jpg,street,93.290504
20499.jpg,sea,99.86206
2050.jpg,glacier,99.837494
20500.jpg,glacier,99.999405
20501.jpg,forest,99.99506
20503.jpg,mountain,97.91271
20505.jpg,forest,99.98896
20506.jpg,glacier,99.84865
20507.jpg,mountain,97.14117
20509.jpg,sea,99.96772
2051.jpg,street,99.718704
20514.jpg,street,99.94241
20518.jpg,sea,99.30849
20521.jpg,buildings,87.34139
20523.jpg,street,91.07274
20525.jpg,buildings,88.31655
20526.jpg,mountain,97.890755
20529.jpg,mountain,99.32187
20532.jpg,glacier,99.00179
20538.jpg,mountain,99.02536
20542.jpg,glacier,61.934227
20543.jpg,mountain,99.42006
20547.jpg,forest,99.97634
20548.jpg,sea,99.9441
2055.jpg,glacier,87.41672
20551.jpg,glacier,83.60894
20552.jpg,glacier,63.668888
20557.jpg,mountain,99.25369
20562.jpg,forest,99.950455
20569.jpg,mountain,99.58687
2057.jpg,forest,99.80539
20573.jpg,sea,99.909805
20578.jpg,street,98.815765
20579.jpg,street,98.56831
20583.jpg,mountain,63.495193
20588.jpg,glacier,99.975426
20593.jpg,glacier,79.787445
20594.jpg,buildings,81.21997
2060.jpg,forest,94.5426
20600.jpg,buildings,99.9579
20604.jpg,mountain,98.29276
20607.jpg,street,50.966255
20609.jpg,mountain,69.07804
20610.jpg,glacier,99.923454
20614.jpg,mountain,99.5836
20618.jpg,glacier,99.69512
20623.jpg,street,99.89795
20625.jpg,buildings,99.99718
20632.jpg,sea,99.216064
20636.jpg,street,99.981384
2064.jpg,street,88.116974
20641.jpg,sea,99.959
20645.jpg,glacier,99.92778
2065.jpg,sea,99.8909
20654.jpg,mountain,99.79501
20656.jpg,glacier,99.332985
20659.jpg,sea,96.73825
20661.jpg,glacier,98.61567
20667.jpg,street,99.791664
20669.jpg,sea,97.58768
2067.jpg,buildings,97.701904
20673.jpg,glacier,99.9985
20675.jpg,glacier,93.37073
20681.jpg,mountain,92.581825
20682.jpg,street,99.95639
20689.jpg,glacier,93.17093
20693.jpg,buildings,98.67792
20697.jpg,buildings,97.46347
20698.jpg,sea,99.98771
20699.jpg,glacier,99.48954
20700.jpg,sea,99.97723
20701.jpg,mountain,93.323296
20707.jpg,sea,99.87608
20708.jpg,buildings,93.438515
20711.jpg,street,92.97383
20715.jpg,glacier,65.35005
20716.jpg,forest,99.99796
20721.jpg,street,99.041824
20724.jpg,glacier,99.982315
20727.jpg,forest,90.07888
20729.jpg,sea,99.965576
20736.jpg,street,90.132866
2074.jpg,sea,99.97636
20743.jpg,street,99.98151
20744.jpg,forest,97.80152
20747.jpg,mountain,93.73704
20749.jpg,glacier,51.08815
20755.jpg,forest,99.98286
20758.jpg,forest,97.81422
20760.jpg,forest,97.71823
20768.jpg,forest,82.42408
20772.jpg,buildings,99.993774
20773.jpg,buildings,99.07408
20775.jpg,buildings,99.9996
20778.jpg,glacier,98.89462
20780.jpg,buildings,99.99201
20784.jpg,forest,99.99981
20786.jpg,street,99.97944
20787.jpg,sea,71.53038
20789.jpg,buildings,99.898705
20790.jpg,buildings,81.8701
20791.jpg,mountain,99.05119
20792.jpg,glacier,84.02687
20793.jpg,sea,88.22853
20795.jpg,buildings,99.99991
20797.jpg,street,99.998726
20803.jpg,sea,49.676487
20809.jpg,street,84.79871
2081.jpg,sea,99.98658
20814.jpg,forest,99.94462
20817.jpg,sea,99.84394
20823.jpg,buildings,99.22147
20824.jpg,forest,99.785
20827.jpg,forest,99.24545
20829.jpg,glacier,99.41829
20830.jpg,buildings,99.999306
20836.jpg,mountain,98.5606
20837.jpg,mountain,99.65057
20839.jpg,glacier,97.79887
2084.jpg,street,65.37686
20845.jpg,mountain,97.25691
20849.jpg,buildings,99.99657
20850.jpg,glacier,87.69317
20852.jpg,mountain,92.92329
20855.jpg,forest,99.97373
20859.jpg,mountain,99.428055
20861.jpg,mountain,99.16726
20862.jpg,street,99.979744
20865.jpg,buildings,81.57387
20875.jpg,glacier,98.62413
20877.jpg,forest,99.20479
20880.jpg,street,83.34587
20881.jpg,buildings,98.96487
20883.jpg,sea,99.99667
20886.jpg,glacier,99.02119
20891.jpg,buildings,99.9995
2090.jpg,buildings,99.59309
20901.jpg,forest,99.97827
20902.jpg,sea,99.93104
20912.jpg,buildings,90.338745
20913.jpg,buildings,99.99955
20914.jpg,street,89.7065
20919.jpg,sea,93.68613
20920.jpg,glacier,99.189255
20923.jpg,forest,99.84738
20932.jpg,buildings,99.77677
20936.jpg,buildings,94.91756
20939.jpg,sea,97.985565
2094.jpg,buildings,99.99107
20943.jpg,street,99.44961
20945.jpg,street,94.56154
20951.jpg,street,99.9944
20956.jpg,buildings,88.47577
20957.jpg,sea,99.135056
2096.jpg,forest,57.82966
20964.jpg,forest,76.012665
20967.jpg,forest,99.956436
20969.jpg,street,60.59239
20973.jpg,street,99.884254
20977.jpg,street,98.72846
20979.jpg,sea,99.99856
20987.jpg,street,99.23415
20990.jpg,street,99.99981
20993.jpg,glacier,99.90313
20997.jpg,buildings,75.793144
21002.jpg,street,77.30534
21003.jpg,forest,99.95814
21005.jpg,glacier,99.98487
21009.jpg,glacier,99.99764
21010.jpg,sea,99.30733
21015.jpg,forest,99.99148
2102.jpg,buildings,99.50634
21021.jpg,street,99.876274
21023.jpg,mountain,85.70174
21026.jpg,mountain,98.49747
21028.jpg,forest,99.99387
21029.jpg,street,99.653046
21030.jpg,sea,89.585236
21031.jpg,buildings,99.93584
21033.jpg,mountain,94.673
21039.jpg,street,84.4406
21048.jpg,buildings,99.089264
21050.jpg,glacier,96.805534
21051.jpg,sea,97.328964
21056.jpg,forest,99.83474
21057.jpg,street,98.14038
2106.jpg,glacier,74.45315
21068.jpg,sea,99.90846
21070.jpg,forest,99.98349
21071.jpg,sea,92.77363
21072.jpg,glacier,65.36576
21074.jpg,sea,99.74729
21075.jpg,street,89.7045
21079.jpg,street,99.94698
21080.jpg,glacier,97.425644
21082.jpg,street,98.53948
21084.jpg,buildings,99.97842
21088.jpg,forest,99.99919
21089.jpg,glacier,45.410027
21094.jpg,mountain,54.3981
211.jpg,sea,97.74929
21103.jpg,glacier,99.833305
21109.jpg,glacier,60.12671
21110.jpg,glacier,99.81629
21111.jpg,sea,54.464798
21112.jpg,buildings,99.99163
21113.jpg,forest,99.99792
21114.jpg,forest,99.83476
21116.jpg,forest,99.999855
21117.jpg,buildings,97.08186
2112.jpg,buildings,99.97397
21122.jpg,sea,99.94419
21124.jpg,street,99.895645
21127.jpg,buildings,99.464935
21131.jpg,street,99.636475
21132.jpg,glacier,99.95875
21133.jpg,street,99.90912
21134.jpg,mountain,96.18251
21140.jpg,glacier,99.77287
21145.jpg,buildings,90.8468
21147.jpg,buildings,99.91067
21157.jpg,glacier,99.766335
21160.jpg,forest,99.34034
21164.jpg,sea,99.071815
21165.jpg,sea,99.51985
21166.jpg,buildings,98.051414
2117.jpg,forest,99.98813
21171.jpg,glacier,32.952076
21172.jpg,sea,99.194786
21178.jpg,buildings,99.998405
2118.jpg,forest,99.998726
21180.jpg,sea,73.901886
21181.jpg,forest,99.9922
21184.jpg,sea,99.88324
21188.jpg,buildings,99.52819
21189.jpg,forest,99.990036
2119.jpg,forest,99.963104
21190.jpg,forest,99.99919
21193.jpg,sea,91.4209
21194.jpg,glacier,91.65631
21195.jpg,forest,99.99835
212.jpg,street,87.17458
21202.jpg,mountain,70.50161
21204.jpg,mountain,98.94675
21205.jpg,buildings,99.96556
21208.jpg,glacier,83.43954
21211.jpg,street,69.50341
21218.jpg,sea,96.68182
21219.jpg,street,99.981636
21223.jpg,mountain,84.75741
21228.jpg,sea,99.810555
21235.jpg,glacier,99.82911
2124.jpg,sea,99.88743
21249.jpg,sea,99.006615
21251.jpg,street,99.15225
21252.jpg,forest,92.4135
21253.jpg,sea,99.95056
21261.jpg,street,99.69785
21264.jpg,mountain,91.4323
21265.jpg,street,99.98578
21267.jpg,forest,99.998
21268.jpg,sea,88.53296
21270.jpg,sea,99.961
21273.jpg,mountain,99.50093
21275.jpg,street,99.568
2128.jpg,buildings,99.575584
21282.jpg,glacier,97.37444
21283.jpg,glacier,99.99922
21284.jpg,mountain,60.128986
21289.jpg,forest,99.977486
2129.jpg,sea,99.61099
21295.jpg,mountain,99.89937
21299.jpg,mountain,91.14224
2130.jpg,forest,96.927086
21300.jpg,forest,99.985565
21308.jpg,glacier,64.26692
21312.jpg,mountain,98.63166
21315.jpg,mountain,98.24315
21321.jpg,glacier,98.631035
21322.jpg,street,99.29879
21323.jpg,street,99.998024
21324.jpg,street,99.99956
21326.jpg,buildings,99.42978
21327.jpg,sea,99.50495
2133.jpg,sea,83.20042
21330.jpg,forest,99.91393
21331.jpg,glacier,99.09719
21332.jpg,sea,97.20007
21333.jpg,mountain,99.73351
21335.jpg,mountain,99.895905
21337.jpg,glacier,94.720726
21338.jpg,sea,97.92517
21346.jpg,buildings,99.99975
2135.jpg,street,99.979645
21351.jpg,glacier,99.78898
21365.jpg,glacier,95.91579
21370.jpg,sea,99.593285
21372.jpg,street,99.99454
21374.jpg,buildings,99.99727
21379.jpg,glacier,87.76872
2138.jpg,forest,99.99002
21382.jpg,mountain,63.706596
21384.jpg,street,99.70418
21388.jpg,glacier,99.36265
2139.jpg,forest,79.98664
21391.jpg,buildings,99.99312
21394.jpg,street,99.997284
21395.jpg,mountain,97.88527
21397.jpg,sea,99.57945
21398.jpg,mountain,96.03464
21402.jpg,mountain,99.49668
21403.jpg,glacier,99.99258
21404.jpg,glacier,86.745865
21408.jpg,street,99.995544
2141.jpg,street,99.83547
21413.jpg,sea,78.02933
21416.jpg,forest,91.93741
21420.jpg,forest,99.990654
21424.jpg,sea,93.37372
21425.jpg,sea,70.41491
21429.jpg,mountain,99.59186
21436.jpg,mountain,95.507195
21438.jpg,forest,99.9853
21439.jpg,sea,99.999664
21440.jpg,buildings,99.99849
21441.jpg,mountain,93.539116
21444.jpg,buildings,97.68139
21446.jpg,forest,99.996506
21449.jpg,glacier,99.395195
21451.jpg,forest,95.85756
21457.jpg,forest,99.38831
2146.jpg,sea,99.17578
21460.jpg,forest,99.91639
21467.jpg,sea,99.3865
21471.jpg,sea,99.871704
21474.jpg,forest,99.99845
21477.jpg,forest,99.94605
21482.jpg,mountain,96.77756
21487.jpg,mountain,99.39581
21489.jpg,sea,99.80991
21493.jpg,glacier,98.47618
21495.jpg,mountain,72.47486
215.jpg,sea,99.35248
21500.jpg,buildings,96.743904
21502.jpg,mountain,99.596954
21508.jpg,street,97.681335
21509.jpg,buildings,99.94499
2151.jpg,sea,99.73043
21511.jpg,mountain,76.43486
21515.jpg,glacier,99.700264
21520.jpg,forest,99.52378
21521.jpg,forest,99.97807
21523.jpg,mountain,97.48885
21528.jpg,forest,99.7729
2153.jpg,mountain,53.785194
21530.jpg,glacier,99.81437
21531.jpg,sea,59.23215
21532.jpg,glacier,97.24828
21534.jpg,street,99.83193
21536.jpg,sea,99.670235
21540.jpg,glacier,99.820305
21541.jpg,glacier,99.99762
21548.jpg,street,87.12622
21549.jpg,forest,99.9978
21550.jpg,mountain,82.82748
21552.jpg,mountain,87.045616
21561.jpg,forest,99.997986
21562.jpg,mountain,99.813446
21565.jpg,forest,98.31978
21566.jpg,glacier,90.82953
21567.jpg,street,94.64976
21571.jpg,sea,81.32976
21577.jpg,forest,99.991714
21579.jpg,street,99.96372
21582.jpg,buildings,99.99627
21585.jpg,forest,99.98653
21588.jpg,buildings,99.99674
21590.jpg,buildings,99.99996
21594.jpg,street,99.63151
21595.jpg,glacier,98.04787
21602.jpg,street,99.929214
21606.jpg,forest,99.989746
21608.jpg,sea,92.18274
21616.jpg,buildings,86.955864
21619.jpg,mountain,94.1238
21622.jpg,buildings,54.734444
21625.jpg,sea,99.66772
21626.jpg,street,99.60502
21628.jpg,glacier,99.40692
21629.jpg,street,99.92586
2163.jpg,street,99.998566
21636.jpg,glacier,99.97947
21637.jpg,mountain,98.24174
21642.jpg,street,99.984566
2165.jpg,buildings,99.96413
21652.jpg,forest,91.91825
21654.jpg,mountain,88.23944
21661.jpg,buildings,72.67279
21667.jpg,street,99.46189
21668.jpg,forest,99.243095
2167.jpg,mountain,95.98421
21672.jpg,street,99.97028
21673.jpg,glacier,99.64479
21679.jpg,forest,99.99957
21681.jpg,glacier,99.275345
21687.jpg,sea,99.86895
21690.jpg,sea,84.23122
21692.jpg,forest,99.99222
21693.jpg,mountain,99.66193
21696.jpg,sea,85.395004
21698.jpg,glacier,99.99905
21700.jpg,street,97.577675
21704.jpg,forest,99.97612
21705.jpg,sea,50.10908
21708.jpg,glacier,99.65342
21709.jpg,glacier,77.35141
21713.jpg,sea,48.185886
21716.jpg,street,99.82316
21718.jpg,buildings,98.237976
21728.jpg,forest,99.9858
21732.jpg,mountain,98.315956
21733.jpg,glacier,94.95804
21739.jpg,sea,99.32271
21741.jpg,mountain,98.863045
21742.jpg,mountain,98.8816
21746.jpg,mountain,68.927315
21748.jpg,buildings,80.79829
21752.jpg,glacier,66.82113
21753.jpg,buildings,99.96241
21755.jpg,sea,87.06438
21757.jpg,mountain,99.18489
21758.jpg,glacier,98.58145
21760.jpg,buildings,99.80762
21767.jpg,mountain,98.77585
21773.jpg,glacier,83.99092
21778.jpg,forest,76.14788
21782.jpg,glacier,89.097145
21785.jpg,glacier,85.82609
21786.jpg,forest,99.89172
21791.jpg,glacier,97.3012
21795.jpg,mountain,78.58302
21796.jpg,glacier,57.124405
2180.jpg,forest,98.30583
21802.jpg,mountain,93.82172
21803.jpg,glacier,99.96552
21809.jpg,sea,87.40028
21815.jpg,buildings,100.0
21820.jpg,forest,99.99979
21821.jpg,glacier,99.56854
21822.jpg,glacier,54.52424
21823.jpg,forest,99.9997
21825.jpg,forest,99.991356
21830.jpg,mountain,61.100124
21831.jpg,sea,82.62592
21833.jpg,mountain,85.938194
21834.jpg,glacier,98.48049
21835.jpg,forest,99.98781
21836.jpg,street,87.388626
21838.jpg,forest,99.99882
21839.jpg,mountain,87.27922
21847.jpg,glacier,95.18006
21848.jpg,glacier,99.97435
21850.jpg,glacier,99.94072
21854.jpg,sea,95.73992
21863.jpg,glacier,99.94646
21867.jpg,forest,99.997856
21869.jpg,glacier,63.845222
2187.jpg,street,98.91131
21871.jpg,forest,99.99947
21877.jpg,street,78.52468
21878.jpg,street,99.71776
21880.jpg,buildings,99.58168
21882.jpg,buildings,99.99816
21883.jpg,buildings,68.75123
21886.jpg,mountain,79.653786
21888.jpg,forest,99.98204
21891.jpg,forest,99.999825
21899.jpg,street,99.99871
2190.jpg,street,99.963974
21901.jpg,mountain,97.27011
21902.jpg,glacier,99.9739
2191.jpg,buildings,99.98597
21914.jpg,buildings,78.25216
21920.jpg,mountain,99.89516
21922.jpg,mountain,85.94179
21925.jpg,street,74.595955
21927.jpg,forest,99.993774
21928.jpg,glacier,78.84562
21930.jpg,forest,99.97155
21931.jpg,street,36.78411
21938.jpg,sea,59.850903
21939.jpg,street,97.230354
21944.jpg,mountain,93.358574
21946.jpg,forest,99.972115
21951.jpg,forest,99.9911
21952.jpg,street,99.999855
21953.jpg,street,70.681076
21958.jpg,sea,99.13907
21963.jpg,mountain,92.45856
21966.jpg,mountain,96.912895
21968.jpg,glacier,52.463608
21969.jpg,forest,99.96939
21971.jpg,forest,99.87434
21974.jpg,glacier,89.38501
21975.jpg,forest,99.9989
21976.jpg,glacier,91.07887
2198.jpg,street,99.92133
21980.jpg,mountain,96.2151
21988.jpg,street,98.27753
21997.jpg,mountain,66.83847
21998.jpg,glacier,80.50465
22.jpg,forest,99.98849
2200.jpg,mountain,94.224754
22002.jpg,sea,99.59979
22006.jpg,sea,99.941574
22007.jpg,sea,99.92335
22008.jpg,sea,99.95277
22010.jpg,mountain,90.14349
22013.jpg,glacier,98.6324
22016.jpg,mountain,79.65724
22018.jpg,sea,74.57192
22023.jpg,forest,62.805794
22033.jpg,street,99.519615
22039.jpg,buildings,99.541595
22041.jpg,buildings,98.514694
22044.jpg,glacier,99.33123
22047.jpg,glacier,54.75714
22049.jpg,glacier,99.98636
22052.jpg,forest,99.99796
22053.jpg,glacier,91.01224
22055.jpg,forest,99.989006
22056.jpg,forest,99.40422
22059.jpg,forest,99.937195
2206.jpg,street,97.946045
22060.jpg,glacier,69.7769
22061.jpg,street,88.239845
22067.jpg,sea,88.63546
22069.jpg,forest,99.99617
2207.jpg,forest,99.99622
22075.jpg,buildings,99.991295
22077.jpg,buildings,99.99048
2208.jpg,forest,99.99598
22080.jpg,forest,99.99979
22081.jpg,mountain,93.86793
22084.jpg,glacier,79.27967
22094.jpg,sea,96.12153
221.jpg,glacier,60.62335
22106.jpg,sea,89.72638
22108.jpg,mountain,89.06666
22113.jpg,street,96.937546
22114.jpg,forest,98.403145
22118.jpg,glacier,99.947495
22122.jpg,glacier,97.13903
2213.jpg,glacier,99.93113
22131.jpg,street,99.8138
22135.jpg,mountain,91.00441
22142.jpg,glacier,99.89565
22146.jpg,buildings,88.202034
22148.jpg,street,98.11574
22151.jpg,mountain,96.17153
22155.jpg,glacier,95.54936
2216.jpg,mountain,94.089355
22164.jpg,forest,99.99983
2217.jpg,street,99.990295
22170.jpg,street,85.54673
22174.jpg,buildings,99.81506
22178.jpg,mountain,98.612175
22181.jpg,forest,99.997986
22190.jpg,buildings,71.4017
22194.jpg,sea,99.989845
22195.jpg,glacier,97.86357
222.jpg,buildings,99.99994
22206.jpg,forest,99.9953
2221.jpg,mountain,52.12847
22211.jpg,sea,99.99875
22213.jpg,street,99.89618
22217.jpg,glacier,98.7773
22218.jpg,street,99.54244
22224.jpg,street,99.828
22225.jpg,forest,99.96393
22226.jpg,sea,99.98982
22229.jpg,forest,99.99881
22236.jpg,street,99.98499
22238.jpg,mountain,96.114784
2224.jpg,glacier,99.615074
22242.jpg,forest,99.99695
22244.jpg,glacier,99.99841
22248.jpg,glacier,97.17403
22263.jpg,mountain,80.596275
2227.jpg,mountain,53.21312
22270.jpg,buildings,98.18252
22274.jpg,buildings,99.259476
22275.jpg,forest,99.981674
2228.jpg,mountain,99.22449
22281.jpg,sea,99.6664
22282.jpg,glacier,70.91094
22285.jpg,forest,99.99981
22287.jpg,mountain,99.615685
22288.jpg,street,99.998604
22292.jpg,forest,99.98958
22297.jpg,street,99.91563
22298.jpg,sea,99.98957
22300.jpg,street,99.666664
22302.jpg,sea,55.866528
22303.jpg,mountain,86.46554
22305.jpg,street,98.940506
2231.jpg,mountain,99.23229
22312.jpg,forest,99.997505
22313.jpg,buildings,99.2679
22319.jpg,street,96.96591
22323.jpg,sea,97.78241
22324.jpg,street,72.89394
22327.jpg,street,98.97551
22332.jpg,glacier,99.993744
22333.jpg,street,99.86071
22334.jpg,sea,90.69481
22344.jpg,glacier,99.67105
22348.jpg,forest,99.983284
2235.jpg,street,99.01717
22352.jpg,mountain,99.87701
22359.jpg,glacier,99.30999
22361.jpg,mountain,49.96623
22363.jpg,street,99.28563
22364.jpg,street,99.40917
22365.jpg,buildings,99.92742
22367.jpg,mountain,99.533844
2237.jpg,street,97.0585
22371.jpg,forest,99.610886
22381.jpg,mountain,98.32811
22392.jpg,buildings,99.953285
22395.jpg,buildings,99.9747
22396.jpg,mountain,83.02578
22397.jpg,glacier,99.95244
2240.jpg,buildings,98.19476
22402.jpg,buildings,94.54377
22403.jpg,sea,98.39499
22404.jpg,buildings,79.14991
22407.jpg,forest,87.80271
22413.jpg,street,97.24586
22418.jpg,buildings,99.95606
22419.jpg,sea,99.40073
22422.jpg,mountain,54.48603
22429.jpg,street,38.34548
22430.jpg,forest,99.992035
22435.jpg,street,82.58153
2244.jpg,buildings,99.74605
22443.jpg,street,99.91278
22445.jpg,mountain,95.73077
22449.jpg,buildings,96.75596
2245.jpg,forest,99.97359
22454.jpg,mountain,99.57043
22456.jpg,glacier,91.23512
2246.jpg,forest,98.138016
22463.jpg,street,99.968895
22466.jpg,street,98.567444
22468.jpg,forest,99.9862
2247.jpg,street,68.41051
22474.jpg,sea,99.912254
22477.jpg,street,99.27481
2248.jpg,glacier,85.98218
22480.jpg,sea,99.101295
22482.jpg,buildings,99.999306
22485.jpg,sea,97.12874
22489.jpg,buildings,97.78832
22492.jpg,glacier,60.36225
22497.jpg,buildings,99.83666
22498.jpg,mountain,72.307304
22499.jpg,street,96.19354
225.jpg,mountain,99.92335
22505.jpg,buildings,87.53926
22507.jpg,street,99.99858
22509.jpg,sea,99.236916
2251.jpg,mountain,62.082153
22519.jpg,sea,97.769966
22521.jpg,glacier,99.99996
22523.jpg,forest,99.95211
22524.jpg,glacier,97.175255
22529.jpg,buildings,99.41097
2253.jpg,street,99.770584
22530.jpg,mountain,90.46442
22532.jpg,street,99.786446
22533.jpg,buildings,67.68566
22535.jpg,sea,99.999466
22541.jpg,glacier,48.647778
22544.jpg,buildings,98.68544
22548.jpg,street,91.75302
22549.jpg,street,97.319534
22551.jpg,mountain,78.41328
22554.jpg,street,89.07975
22559.jpg,sea,99.5959
22560.jpg,mountain,95.36943
22561.jpg,sea,99.89655
22566.jpg,mountain,54.69199
22573.jpg,glacier,99.98247
22578.jpg,buildings,93.99799
22579.jpg,mountain,99.462364
2258.jpg,forest,99.76048
22582.jpg,glacier,99.87923
22584.jpg,street,88.958206
22590.jpg,mountain,99.750946
22591.jpg,street,78.22733
22594.jpg,sea,99.98999
2260.jpg,glacier,96.99062
22601.jpg,buildings,99.908554
22604.jpg,glacier,99.03322
22605.jpg,street,98.0647
22607.jpg,glacier,99.48595
22610.jpg,sea,99.26544
22611.jpg,forest,99.99901
22612.jpg,street,99.93743
22613.jpg,sea,89.59047
22615.jpg,glacier,83.43877
22618.jpg,glacier,87.48276
22621.jpg,glacier,98.7831
22622.jpg,forest,99.95135
22627.jpg,buildings,99.99368
22630.jpg,street,99.97279
22638.jpg,mountain,97.48856
22641.jpg,forest,99.99735
22649.jpg,street,99.99939
22651.jpg,sea,96.9022
22658.jpg,buildings,76.486984
22659.jpg,buildings,68.49464
22662.jpg,street,63.171917
22674.jpg,forest,99.92309
2268.jpg,forest,99.989296
22680.jpg,forest,99.99364
22682.jpg,street,99.99407
22684.jpg,forest,99.98932
22693.jpg,forest,99.50914
22697.jpg,mountain,79.14974
22698.jpg,street,95.02952
227.jpg,sea,99.73267
2270.jpg,sea,50.42318
22701.jpg,mountain,81.562614
22704.jpg,buildings,62.611305
2271.jpg,sea,93.72116
22713.jpg,buildings,99.99924
22714.jpg,forest,99.9496
22715.jpg,sea,99.96792
22726.jpg,forest,99.61214
22728.jpg,forest,99.86204
22729.jpg,buildings,99.34249
22733.jpg,sea,99.99226
22739.jpg,glacier,92.309906
22743.jpg,buildings,97.94886
22744.jpg,mountain,86.82891
22749.jpg,mountain,89.00788
2275.jpg,sea,99.999535
22750.jpg,street,99.76233
22751.jpg,street,99.501785
22752.jpg,mountain,97.19176
22757.jpg,buildings,77.15019
22758.jpg,buildings,83.483734
2276.jpg,forest,99.726295
22762.jpg,street,99.9986
22770.jpg,buildings,99.043915
22772.jpg,street,96.92118
22773.jpg,buildings,86.59528
2278.jpg,forest,99.97409
22781.jpg,street,98.73771
22783.jpg,mountain,97.88648
22785.jpg,glacier,99.14213
22787.jpg,glacier,99.20874
22788.jpg,forest,99.99994
22791.jpg,sea,95.660446
22792.jpg,sea,98.419395
22793.jpg,buildings,66.53217
22794.jpg,forest,47.78509
22795.jpg,mountain,79.73626
22796.jpg,sea,98.79727
22798.jpg,glacier,93.51049
22802.jpg,buildings,99.81939
22803.jpg,buildings,99.49931
22806.jpg,street,99.99409
22808.jpg,mountain,96.30886
22815.jpg,sea,98.405266
22816.jpg,buildings,99.93369
22825.jpg,buildings,99.82875
22828.jpg,mountain,78.87764
2283.jpg,street,99.92945
22835.jpg,sea,99.42521
22838.jpg,forest,98.20725
22840.jpg,glacier,61.52993
22841.jpg,sea,96.85861
22853.jpg,mountain,67.90678
2286.jpg,buildings,89.117584
22861.jpg,forest,99.99968
22863.jpg,street,99.3391
22865.jpg,street,99.896385
22872.jpg,street,99.928
22873.jpg,mountain,58.860367
22874.jpg,street,87.65528
22878.jpg,forest,99.98134
22880.jpg,sea,56.67588
22888.jpg,buildings,72.50829
22889.jpg,buildings,91.04152
22892.jpg,sea,99.870476
22894.jpg,street,99.99527
22901.jpg,street,99.998604
22902.jpg,forest,99.99926
22904.jpg,buildings,99.99945
22905.jpg,street,89.203835
22906.jpg,forest,99.83772
22909.jpg,buildings,90.5213
22910.jpg,street,99.80536
22914.jpg,forest,99.992836
22916.jpg,glacier,99.2402
22918.jpg,street,99.98228
22922.jpg,forest,99.82357
22923.jpg,glacier,83.11212
22926.jpg,buildings,99.99947
22929.jpg,glacier,99.82692
22931.jpg,sea,99.927025
22932.jpg,forest,99.98198
22937.jpg,street,99.85727
22939.jpg,mountain,51.305492
22940.jpg,mountain,99.41748
22945.jpg,sea,98.937515
22946.jpg,buildings,99.77459
22957.jpg,glacier,88.70489
2296.jpg,sea,99.973694
22968.jpg,street,98.61973
22972.jpg,sea,85.661125
22975.jpg,buildings,95.80799
22979.jpg,buildings,99.52763
22981.jpg,glacier,99.59925
22984.jpg,forest,99.99606
22985.jpg,buildings,99.88409
2299.jpg,buildings,90.20661
22999.jpg,mountain,98.70443
23000.jpg,mountain,93.32519
23007.jpg,glacier,99.98603
23010.jpg,forest,99.99977
23013.jpg,sea,83.85026
23015.jpg,buildings,93.06225
23017.jpg,glacier,92.346535
23019.jpg,glacier,94.83325
2302.jpg,forest,99.841225
23020.jpg,glacier,99.996826
23021.jpg,mountain,99.50086
23025.jpg,glacier,95.170135
23028.jpg,buildings,90.290504
23029.jpg,buildings,72.07442
23030.jpg,sea,99.97837
23034.jpg,sea,86.56674
23035.jpg,mountain,97.556046
23038.jpg,buildings,99.99933
23039.jpg,glacier,99.999115
23043.jpg,mountain,98.62526
23046.jpg,forest,99.99932
2305.jpg,forest,99.974174
23050.jpg,glacier,68.15289
23054.jpg,street,62.605225
23056.jpg,forest,99.999535
23057.jpg,sea,33.377846
23059.jpg,glacier,99.29539
23063.jpg,forest,99.93666
23064.jpg,glacier,80.011
23066.jpg,buildings,91.88754
23071.jpg,glacier,86.08622
23074.jpg,street,99.99975
23077.jpg,mountain,85.127655
23078.jpg,street,99.999985
23080.jpg,mountain,97.736725
23081.jpg,mountain,79.2661
23082.jpg,glacier,99.52639
23083.jpg,sea,96.18238
23085.jpg,sea,99.92654
23086.jpg,sea,60.56476
2309.jpg,sea,85.702736
23092.jpg,glacier,88.27688
23095.jpg,forest,99.99689
23099.jpg,sea,99.287766
23112.jpg,glacier,99.5968
23113.jpg,mountain,73.142334
23115.jpg,sea,79.1141
23120.jpg,forest,98.5652
23121.jpg,buildings,99.8174
23128.jpg,glacier,99.99593
23129.jpg,forest,99.863106
2313.jpg,sea,41.059338
23132.jpg,street,99.857605
23134.jpg,sea,99.87219
23140.jpg,glacier,98.92549
23142.jpg,street,99.91406
23145.jpg,street,99.50982
23146.jpg,street,94.01823
23147.jpg,glacier,82.01071
2315.jpg,forest,99.99909
23152.jpg,mountain,88.14219
23158.jpg,buildings,57.140278
2316.jpg,forest,99.79512
23168.jpg,mountain,98.91727
2317.jpg,sea,99.950195
23170.jpg,street,98.80814
23173.jpg,street,87.299934
23178.jpg,glacier,38.423874
23184.jpg,mountain,97.9274
23190.jpg,street,99.9469
23196.jpg,forest,95.38065
23197.jpg,forest,99.77211
23198.jpg,glacier,99.844185
23199.jpg,glacier,99.90942
23200.jpg,buildings,75.37473
23202.jpg,sea,47.768135
23203.jpg,buildings,69.76317
23204.jpg,forest,99.98597
23206.jpg,street,95.4036
23214.jpg,street,73.045746
23216.jpg,mountain,98.58733
23217.jpg,forest,99.995636
23231.jpg,buildings,99.99996
23235.jpg,sea,99.737526
23238.jpg,forest,99.997795
23239.jpg,glacier,97.85765
23249.jpg,buildings,86.17031
23251.jpg,glacier,60.418503
23252.jpg,forest,99.99495
23258.jpg,mountain,72.767395
2326.jpg,sea,99.964966
23264.jpg,forest,99.963844
23267.jpg,sea,93.23072
23278.jpg,street,99.960915
23279.jpg,buildings,71.00622
2328.jpg,mountain,53.67345
23288.jpg,sea,67.57263
2329.jpg,buildings,98.64733
233.jpg,sea,98.9085
2330.jpg,forest,99.99939
23300.jpg,glacier,97.552376
23302.jpg,street,56.361835
23303.jpg,mountain,99.85526
23305.jpg,buildings,99.99957
23307.jpg,glacier,73.839745
23311.jpg,sea,95.88058
23313.jpg,forest,99.96628
23323.jpg,buildings,99.96759
23326.jpg,street,99.9947
23330.jpg,sea,36.34585
23331.jpg,sea,58.78707
23335.jpg,forest,99.99682
23340.jpg,buildings,86.734955
23341.jpg,mountain,96.91556
23345.jpg,forest,99.84774
23347.jpg,sea,99.987175
23350.jpg,buildings,99.99046
23352.jpg,mountain,99.620926
23354.jpg,sea,58.758034
23356.jpg,glacier,96.209915
23357.jpg,sea,99.63306
23358.jpg,street,99.22306
23364.jpg,forest,99.88672
23372.jpg,mountain,99.84574
23374.jpg,glacier,88.31493
23378.jpg,buildings,99.95775
23379.jpg,sea,99.99652
23391.jpg,forest,99.93305
23394.jpg,sea,76.47292
23395.jpg,mountain,49.48226
23396.jpg,glacier,97.360886
23397.jpg,forest,99.92336
23399.jpg,sea,99.791046
2340.jpg,forest,99.9476
23403.jpg,forest,99.96709
23410.jpg,mountain,98.82694
23412.jpg,mountain,95.81129
23414.jpg,buildings,99.37533
23415.jpg,street,99.74901
23422.jpg,forest,99.9989
23424.jpg,glacier,99.04799
23425.jpg,sea,99.99509
23426.jpg,buildings,98.21993
23434.jpg,sea,99.74149
23438.jpg,sea,74.561806
23439.jpg,sea,99.819084
23440.jpg,forest,93.088715
23449.jpg,mountain,99.6903
23460.jpg,glacier,99.729935
23467.jpg,forest,99.970894
23468.jpg,sea,99.981636
23479.jpg,sea,99.94019
23480.jpg,sea,98.09656
23482.jpg,sea,99.948586
23483.jpg,glacier,98.42007
23485.jpg,forest,85.43362
23488.jpg,sea,50.032036
23493.jpg,mountain,98.72386
23494.jpg,glacier,99.995056
23500.jpg,mountain,78.70879
23501.jpg,mountain,98.37068
23504.jpg,buildings,96.97633
23506.jpg,glacier,99.941505
23508.jpg,mountain,98.217415
2351.jpg,glacier,96.3538
23513.jpg,sea,99.96272
23514.jpg,sea,94.67135
23517.jpg,glacier,73.6884
23518.jpg,forest,99.99703
23519.jpg,mountain,99.650795
2352.jpg,sea,99.966225
23523.jpg,forest,99.931694
23524.jpg,sea,96.63224
23525.jpg,glacier,90.38759
23526.jpg,sea,99.92799
23532.jpg,glacier,99.67091
23533.jpg,forest,99.998215
23539.jpg,buildings,91.07889
2354.jpg,buildings,99.99428
23544.jpg,glacier,99.96514
23545.jpg,forest,99.997314
23546.jpg,mountain,59.43489
2355.jpg,mountain,96.70045
23553.jpg,sea,96.44551
23556.jpg,glacier,77.5241
23558.jpg,forest,84.0374
23561.jpg,mountain,97.40856
23566.jpg,forest,99.52276
23568.jpg,glacier,90.06682
23569.jpg,forest,99.87832
23571.jpg,buildings,95.34819
23572.jpg,mountain,93.91129
23580.jpg,forest,99.386505
23581.jpg,sea,99.96829
23582.jpg,mountain,57.41755
23583.jpg,forest,99.931206
2359.jpg,street,99.99994
23592.jpg,forest,99.589554
23595.jpg,forest,99.96289
23599.jpg,street,96.61908
23601.jpg,sea,98.48312
23602.jpg,street,99.933586
23605.jpg,mountain,98.550896
23607.jpg,street,99.88524
23614.jpg,mountain,95.71979
23615.jpg,sea,87.90821
23618.jpg,mountain,85.25883
23621.jpg,mountain,88.66574
23622.jpg,forest,99.135765
23626.jpg,buildings,99.11142
23627.jpg,mountain,96.21313
2363.jpg,forest,99.999466
23631.jpg,glacier,99.99822
23634.jpg,glacier,80.650986
2364.jpg,street,99.980446
23645.jpg,street,99.96097
23646.jpg,buildings,99.99165
23650.jpg,mountain,55.802326
23651.jpg,mountain,96.15116
23654.jpg,street,99.9985
23662.jpg,glacier,99.57751
23664.jpg,sea,99.997284
23665.jpg,forest,99.999855
23666.jpg,street,99.99998
2367.jpg,buildings,96.458755
23670.jpg,forest,99.99336
23671.jpg,forest,99.86167
23672.jpg,mountain,77.35912
23673.jpg,glacier,58.59614
23674.jpg,mountain,95.459785
2368.jpg,mountain,81.799515
23680.jpg,glacier,99.99718
23685.jpg,street,99.89027
23690.jpg,sea,98.09741
23691.jpg,glacier,99.998795
23693.jpg,forest,99.99905
23696.jpg,forest,99.99513
23699.jpg,mountain,99.408
237.jpg,mountain,99.40047
2370.jpg,glacier,98.84111
23701.jpg,glacier,80.528175
23704.jpg,glacier,99.407394
23706.jpg,street,98.39575
23719.jpg,sea,96.5387
23720.jpg,sea,99.65931
23722.jpg,forest,99.9947
2373.jpg,buildings,99.87949
23730.jpg,glacier,81.459305
23732.jpg,mountain,83.80968
23740.jpg,street,99.996635
23742.jpg,glacier,94.46213
23751.jpg,forest,99.99658
23752.jpg,sea,99.191
23754.jpg,sea,98.83247
23755.jpg,buildings,89.21038
2376.jpg,street,99.99796
23763.jpg,street,61.551773
23765.jpg,forest,99.974434
23767.jpg,glacier,74.066124
23768.jpg,forest,99.8818
23770.jpg,street,99.971375
23772.jpg,mountain,64.8493
23777.jpg,sea,96.14254
23778.jpg,glacier,86.61419
2378.jpg,forest,99.59929
23784.jpg,mountain,97.58771
23787.jpg,street,99.859695
23788.jpg,buildings,99.81839
23789.jpg,forest,99.98311
2379.jpg,glacier,93.234375
23790.jpg,forest,99.82075
23799.jpg,sea,82.06633
238.jpg,glacier,99.85603
23800.jpg,street,99.59424
23802.jpg,sea,99.91122
23803.jpg,forest,99.873405
23805.jpg,forest,99.98153
23809.jpg,mountain,99.75677
23811.jpg,mountain,99.14271
23820.jpg,glacier,98.13329
23823.jpg,mountain,99.00089
23824.jpg,mountain,99.41942
23827.jpg,buildings,97.59956
23828.jpg,mountain,98.05384
2383.jpg,street,99.082726
23831.jpg,sea,99.161194
23832.jpg,forest,99.7319
23834.jpg,street,99.9472
23836.jpg,mountain,90.33259
23839.jpg,mountain,44.28372
23840.jpg,buildings,99.593506
23842.jpg,mountain,94.93552
23844.jpg,buildings,69.383224
23847.jpg,sea,99.84688
23849.jpg,buildings,74.08095
23850.jpg,sea,99.961
23856.jpg,street,99.77519
23857.jpg,sea,98.31486
23858.jpg,mountain,79.029495
23863.jpg,mountain,99.81004
23864.jpg,buildings,99.50611
23878.jpg,street,78.56448
23880.jpg,sea,88.30582
23881.jpg,street,99.9882
23882.jpg,glacier,96.31961
23887.jpg,street,99.12427
23891.jpg,buildings,99.97761
23893.jpg,buildings,99.19737
23894.jpg,glacier,99.36894
23895.jpg,forest,99.973694
23897.jpg,glacier,99.35422
23904.jpg,street,84.16161
23905.jpg,glacier,57.236935
23911.jpg,mountain,80.1211
23913.jpg,mountain,99.83893
23914.jpg,forest,99.99979
23916.jpg,buildings,99.95371
23917.jpg,forest,99.89219
23921.jpg,glacier,87.865814
23922.jpg,mountain,75.79006
23924.jpg,sea,99.84491
23934.jpg,mountain,99.00577
23940.jpg,street,99.76853
23941.jpg,sea,99.56167
23944.jpg,forest,99.97233
23946.jpg,buildings,83.44323
2395.jpg,glacier,98.64048
23953.jpg,street,97.8582
23954.jpg,sea,99.99733
23957.jpg,forest,99.94199
2396.jpg,glacier,96.52711
23960.jpg,mountain,96.33801
23963.jpg,street,99.990654
23966.jpg,buildings,90.12582
23970.jpg,street,99.994
23971.jpg,buildings,92.69239
2398.jpg,buildings,99.99991
23980.jpg,mountain,96.50891
23983.jpg,mountain,99.4839
23985.jpg,forest,99.72653
23991.jpg,sea,99.99055
23992.jpg,forest,99.55128
23994.jpg,sea,48.173077
23996.jpg,buildings,99.91499
23999.jpg,forest,99.91869
24002.jpg,buildings,99.99869
24003.jpg,mountain,99.57575
2401.jpg,buildings,95.99913
24012.jpg,street,99.999084
24014.jpg,glacier,68.85088
24015.jpg,glacier,92.02528
2402.jpg,mountain,99.91413
24025.jpg,buildings,99.52585
24028.jpg,forest,99.83851
2403.jpg,buildings,99.08207
24030.jpg,buildings,99.86456
24031.jpg,glacier,84.18894
24035.jpg,street,71.89825
24038.jpg,forest,99.9967
2404.jpg,buildings,47.741707
24042.jpg,buildings,99.35435
24046.jpg,mountain,99.73816
24048.jpg,sea,99.569534
24054.jpg,mountain,56.18495
24061.jpg,glacier,95.69237
24064.jpg,forest,99.990425
24065.jpg,mountain,98.34266
24067.jpg,street,99.592384
24068.jpg,forest,99.42028
24069.jpg,mountain,96.45507
24071.jpg,glacier,77.025665
24074.jpg,sea,99.57052
24079.jpg,mountain,45.114346
2408.jpg,forest,99.99621
24081.jpg,street,88.22953
24084.jpg,mountain,93.75956
24089.jpg,mountain,79.039536
24090.jpg,glacier,76.50316
24092.jpg,glacier,63.554127
24093.jpg,buildings,99.91974
24102.jpg,forest,99.99977
24104.jpg,glacier,87.475655
24105.jpg,mountain,59.8413
24114.jpg,buildings,99.98783
24116.jpg,forest,99.63089
24117.jpg,forest,97.644615
2412.jpg,sea,95.49604
24121.jpg,forest,99.885284
24125.jpg,glacier,99.727684
24134.jpg,glacier,99.60184
24140.jpg,buildings,99.98784
24142.jpg,mountain,50.795525
24144.jpg,glacier,99.46256
24148.jpg,forest,99.99985
24151.jpg,mountain,60.67431
24156.jpg,glacier,99.92573
24157.jpg,mountain,96.902695
24162.jpg,mountain,98.49719
24164.jpg,mountain,90.9724
24168.jpg,sea,89.036476
24182.jpg,buildings,98.78101
24183.jpg,glacier,99.86732
24188.jpg,buildings,88.241806
24191.jpg,glacier,99.68597
24192.jpg,glacier,98.81535
24194.jpg,street,53.010536
242.jpg,buildings,99.045616
24202.jpg,glacier,97.17236
24210.jpg,street,73.49215
24216.jpg,buildings,99.69288
24217.jpg,mountain,98.72075
24225.jpg,street,99.95126
24227.jpg,glacier,99.698105
24232.jpg,glacier,89.50936
24233.jpg,street,99.982414
24238.jpg,forest,99.80471
2424.jpg,street,99.99839
24240.jpg,mountain,65.38477
24243.jpg,glacier,66.93258
2425.jpg,forest,99.80432
24253.jpg,street,99.98682
24255.jpg,street,96.14709
24257.jpg,forest,99.73955
24259.jpg,mountain,97.9833
2427.jpg,buildings,77.698235
24272.jpg,mountain,98.333885
24276.jpg,glacier,59.359043
24278.jpg,glacier,99.99222
24281.jpg,glacier,99.95315
24288.jpg,mountain,46.23884
24289.jpg,glacier,99.996506
24291.jpg,mountain,99.48985
24293.jpg,street,99.99981
24296.jpg,street,99.93926
24298.jpg,street,99.91868
24302.jpg,street,95.831535
24303.jpg,street,99.83996
24305.jpg,mountain,66.38795
24306.jpg,sea,65.18795
24307.jpg,mountain,99.6521
24308.jpg,forest,99.998405
24316.jpg,glacier,85.69646
24318.jpg,street,60.947006
2432.jpg,mountain,49.56194
24326.jpg,forest,99.99969
24327.jpg,glacier,99.46751
24330.jpg,glacier,99.57085
24331.jpg,forest,99.992905
24333.jpg,buildings,99.58132
2438.jpg,glacier,99.97649
244.jpg,buildings,99.99284
2441.jpg,street,99.649895
2442.jpg,buildings,99.99608
2444.jpg,forest,99.888855
2447.jpg,street,99.58836
2449.jpg,buildings,93.525024
2452.jpg,sea,87.69075
2459.jpg,street,99.93722
2466.jpg,mountain,99.10253
2467.jpg,sea,99.063835
2473.jpg,sea,99.80082
2474.jpg,sea,99.97465
2476.jpg,sea,78.82196
2482.jpg,street,84.35639
2483.jpg,street,98.05852
2485.jpg,buildings,99.893745
2488.jpg,buildings,99.658516
2490.jpg,mountain,96.816605
2491.jpg,street,99.986885
2493.jpg,mountain,95.39018
2498.jpg,forest,99.999084
2499.jpg,buildings,39.16035
25.jpg,sea,99.84367
2500.jpg,glacier,91.260254
2501.jpg,mountain,96.78915
2507.jpg,sea,98.40455
251.jpg,glacier,76.29904
2514.jpg,sea,71.84486
252.jpg,mountain,99.11648
2521.jpg,street,79.34702
2522.jpg,forest,99.80824
2525.jpg,mountain,84.72641
2530.jpg,street,99.89385
2532.jpg,glacier,99.42249
2533.jpg,glacier,77.06022
2534.jpg,buildings,100.0
2538.jpg,mountain,94.79249
2542.jpg,glacier,95.73912
2545.jpg,buildings,99.91301
255.jpg,mountain,93.15651
2551.jpg,forest,99.9883
2552.jpg,street,99.77917
2553.jpg,street,88.27418
2554.jpg,mountain,96.53211
2556.jpg,glacier,45.682
2557.jpg,glacier,97.091774
2561.jpg,mountain,75.97406
2563.jpg,glacier,94.6733
2572.jpg,buildings,93.682655
2574.jpg,mountain,94.20313
2576.jpg,glacier,73.11047
2577.jpg,buildings,99.99461
2580.jpg,street,97.003334
2583.jpg,sea,98.675415
2585.jpg,buildings,96.376
2588.jpg,glacier,99.99974
2593.jpg,mountain,82.01803
2595.jpg,mountain,94.259056
2606.jpg,glacier,99.95813
2610.jpg,buildings,99.999855
2611.jpg,street,99.84823
2620.jpg,forest,99.90195
2622.jpg,mountain,65.00355
2624.jpg,buildings,99.9233
2628.jpg,glacier,95.933044
2631.jpg,street,98.712875
2632.jpg,forest,99.981186
2634.jpg,buildings,99.86198
2637.jpg,glacier,98.06009
2640.jpg,sea,97.64713
2642.jpg,street,99.99977
2645.jpg,street,99.57769
2646.jpg,sea,99.25154
2650.jpg,sea,99.7526
2651.jpg,glacier,98.66596
2664.jpg,forest,99.99824
268.jpg,street,99.95378
2682.jpg,forest,99.99833
2684.jpg,sea,99.66325
2685.jpg,street,99.99099
2686.jpg,forest,98.82804
2689.jpg,glacier,99.910225
2690.jpg,mountain,99.94396
2694.jpg,buildings,97.59437
2696.jpg,street,99.99769
2700.jpg,mountain,99.64438
2701.jpg,glacier,98.4484
2708.jpg,forest,99.98883
271.jpg,glacier,94.01045
2711.jpg,buildings,94.785515
2718.jpg,sea,67.26032
2719.jpg,forest,99.52349
2722.jpg,buildings,99.86925
2728.jpg,buildings,99.08912
273.jpg,forest,99.23183
2731.jpg,buildings,74.211975
2734.jpg,sea,54.22941
2737.jpg,sea,67.066475
2739.jpg,mountain,73.670204
274.jpg,sea,99.923515
2745.jpg,street,99.790146
2750.jpg,forest,99.92918
2756.jpg,street,99.96704
2760.jpg,street,99.13977
2761.jpg,buildings,99.226974
2766.jpg,sea,70.97367
2767.jpg,street,99.88852
2771.jpg,forest,99.99996
2778.jpg,sea,99.869446
2779.jpg,forest,99.9246
278.jpg,buildings,98.66168
2780.jpg,mountain,86.874214
2781.jpg,mountain,99.91372
2783.jpg,forest,99.4176
2784.jpg,forest,99.96851
2789.jpg,mountain,86.92726
2791.jpg,glacier,98.40721
2794.jpg,street,99.6378
2795.jpg,glacier,99.99653
2798.jpg,sea,99.99803
28.jpg,mountain,98.546585
2801.jpg,glacier,73.98763
2812.jpg,sea,99.65637
2813.jpg,sea,99.994194
2814.jpg,glacier,92.04123
2816.jpg,glacier,73.659515
2819.jpg,buildings,98.097275
2820.jpg,glacier,94.96901
2824.jpg,sea,99.997116
2825.jpg,glacier,98.52958
2828.jpg,sea,99.686424
2829.jpg,forest,99.736755
2832.jpg,mountain,91.31053
2833.jpg,forest,99.98734
2834.jpg,buildings,57.457478
284.jpg,street,99.99969
2841.jpg,buildings,99.98822
2843.jpg,street,63.533424
2844.jpg,forest,79.55414
2845.jpg,buildings,99.99627
2846.jpg,sea,99.91092
2851.jpg,mountain,97.87294
2852.jpg,buildings,99.96522
2854.jpg,buildings,99.99541
2860.jpg,glacier,99.99235
2861.jpg,sea,99.94868
2865.jpg,sea,99.86304
2866.jpg,glacier,92.500946
2867.jpg,glacier,98.41627
287.jpg,sea,99.79244
2872.jpg,forest,99.999405
2883.jpg,forest,99.99977
2895.jpg,sea,99.02969
2898.jpg,mountain,53.984962
2899.jpg,mountain,40.83851
2901.jpg,mountain,98.71796
2904.jpg,glacier,90.610085
2906.jpg,buildings,99.76821
291.jpg,mountain,58.41317
2910.jpg,mountain,97.13694
2911.jpg,buildings,99.98142
2918.jpg,mountain,98.71405
2920.jpg,glacier,98.65569
2931.jpg,sea,99.67383
2933.jpg,sea,99.49156
2938.jpg,glacier,96.53905
2941.jpg,sea,99.85437
2945.jpg,forest,99.99636
2952.jpg,buildings,85.80779
2955.jpg,buildings,99.46419
2956.jpg,glacier,93.94959
2966.jpg,buildings,96.86453
2969.jpg,sea,99.80917
2970.jpg,glacier,87.758026
2972.jpg,sea,99.41212
2974.jpg,buildings,99.98759
2977.jpg,forest,98.82759
2980.jpg,glacier,99.76807
2982.jpg,street,85.13088
2986.jpg,glacier,99.93135
2992.jpg,glacier,99.92097
3.jpg,street,99.99991
30.jpg,glacier,95.75867
3002.jpg,street,96.85033
3006.jpg,buildings,99.97574
3011.jpg,forest,99.95005
3012.jpg,glacier,99.78805
3013.jpg,glacier,99.993004
302.jpg,buildings,87.47897
3022.jpg,sea,91.75697
3026.jpg,street,59.917225
3027.jpg,street,78.82162
303.jpg,mountain,52.32492
3034.jpg,sea,96.24534
3037.jpg,mountain,94.63697
3042.jpg,forest,99.99495
3043.jpg,sea,99.88153
3048.jpg,buildings,98.59024
3049.jpg,buildings,99.9874
3052.jpg,glacier,99.99778
3059.jpg,street,99.78664
3062.jpg,street,97.941475
3065.jpg,street,99.98563
3068.jpg,mountain,98.87317
308.jpg,mountain,95.56873
3080.jpg,street,99.9284
3084.jpg,glacier,64.711945
3085.jpg,mountain,98.64525
3093.jpg,glacier,94.68306
3096.jpg,buildings,98.60518
3097.jpg,glacier,98.753784
310.jpg,glacier,99.98726
3101.jpg,forest,99.95934
3112.jpg,sea,99.83412
3120.jpg,sea,94.95941
3127.jpg,mountain,99.628746
3128.jpg,buildings,100.0
3129.jpg,street,99.11533
3133.jpg,street,93.846664
3135.jpg,sea,91.42498
3140.jpg,mountain,99.31079
3144.jpg,glacier,71.447624
3146.jpg,forest,99.18167
3156.jpg,glacier,93.46571
3159.jpg,forest,99.99341
3160.jpg,buildings,99.72458
3161.jpg,buildings,99.96558
3164.jpg,forest,99.79364
3166.jpg,street,98.85423
3167.jpg,sea,99.28659
3168.jpg,sea,99.44001
3169.jpg,mountain,90.4839
3171.jpg,street,99.9333
3174.jpg,forest,99.943535
3176.jpg,street,99.99882
3177.jpg,buildings,99.93299
3179.jpg,mountain,97.72351
3186.jpg,mountain,99.8286
3187.jpg,buildings,99.97166
3189.jpg,buildings,99.99568
319.jpg,mountain,66.346664
3198.jpg,sea,99.96613
320.jpg,street,99.99763
3201.jpg,glacier,77.531586
3206.jpg,buildings,98.95557
3208.jpg,sea,99.91599
3212.jpg,street,99.17462
3214.jpg,buildings,85.89751
3223.jpg,buildings,100.0
3228.jpg,buildings,99.99985
3231.jpg,mountain,99.51567
3233.jpg,glacier,88.51472
324.jpg,street,99.98517
3240.jpg,mountain,95.25091
3242.jpg,street,98.89682
3246.jpg,glacier,99.95352
3248.jpg,sea,93.52304
3250.jpg,glacier,90.407295
3252.jpg,mountain,79.38903
3254.jpg,mountain,99.535576
3258.jpg,sea,98.8958
327.jpg,mountain,91.65859
3271.jpg,street,99.988846
3276.jpg,forest,99.98606
3277.jpg,street,94.32598
328.jpg,mountain,88.33679
3283.jpg,mountain,87.78933
3285.jpg,glacier,99.99394
3286.jpg,mountain,62.421726
3289.jpg,mountain,98.41522
3292.jpg,glacier,99.22283
3294.jpg,forest,99.03142
3301.jpg,street,85.04352
3312.jpg,forest,99.999916
3317.jpg,mountain,99.610245
3321.jpg,mountain,72.32349
3322.jpg,glacier,99.99372
3324.jpg,mountain,94.79732
3326.jpg,glacier,81.22129
3335.jpg,mountain,98.696884
3338.jpg,glacier,64.266136
334.jpg,forest,99.335
3345.jpg,forest,99.99695
3349.jpg,buildings,99.991585
3350.jpg,mountain,80.432144
3351.jpg,mountain,88.9348
3362.jpg,mountain,59.41056
3363.jpg,mountain,56.6054
337.jpg,sea,79.578575
3371.jpg,forest,96.5779
3372.jpg,mountain,55.513046
3374.jpg,forest,99.999664
3379.jpg,street,99.99901
3380.jpg,mountain,95.57222
3390.jpg,glacier,61.71952
3393.jpg,buildings,100.0
3398.jpg,mountain,99.58404
3402.jpg,mountain,94.72791
3404.jpg,glacier,98.952896
3407.jpg,buildings,99.989105
3408.jpg,glacier,89.87562
3409.jpg,sea,99.99373
3413.jpg,buildings,99.99975
3414.jpg,buildings,99.99991
3415.jpg,forest,99.986206
3417.jpg,street,74.848885
3418.jpg,glacier,53.71762
3419.jpg,glacier,99.893364
3421.jpg,sea,99.90268
3431.jpg,buildings,96.55614
3432.jpg,mountain,97.081696
3433.jpg,buildings,99.999985
3436.jpg,glacier,99.8749
344.jpg,glacier,94.92184
3441.jpg,mountain,75.63276
3445.jpg,mountain,87.8999
3451.jpg,street,99.982605
3452.jpg,forest,99.96143
3455.jpg,forest,99.99261
3459.jpg,mountain,98.95841
346.jpg,mountain,98.96059
3463.jpg,buildings,99.567726
3464.jpg,glacier,96.72154
3466.jpg,street,99.92896
347.jpg,sea,61.42665
3471.jpg,glacier,88.89573
3472.jpg,glacier,96.64834
3474.jpg,buildings,53.769142
3478.jpg,mountain,97.15896
3483.jpg,street,59.812744
3486.jpg,buildings,99.887566
3495.jpg,mountain,55.16258
350.jpg,buildings,66.6325
3502.jpg,mountain,97.2452
3508.jpg,sea,74.910904
351.jpg,buildings,99.98982
3515.jpg,mountain,99.67528
3517.jpg,glacier,84.46665
3520.jpg,buildings,58.48604
3522.jpg,glacier,98.787994
3525.jpg,sea,98.57431
3531.jpg,forest,99.99953
3536.jpg,sea,96.44984
3537.jpg,glacier,99.32556
354.jpg,mountain,97.1567
3541.jpg,mountain,97.57077
3544.jpg,sea,82.51668
3550.jpg,sea,99.6792
3552.jpg,buildings,99.96442
3555.jpg,mountain,82.76671
3564.jpg,forest,99.99767
3565.jpg,street,99.99249
3570.jpg,buildings,99.99311
3576.jpg,glacier,78.88713
3577.jpg,sea,99.94361
3578.jpg,forest,99.99862
3580.jpg,mountain,95.047554
3581.jpg,glacier,97.91381
3584.jpg,sea,99.987305
3589.jpg,forest,99.999596
3590.jpg,buildings,99.99597
3594.jpg,sea,95.240654
3595.jpg,mountain,72.283424
3597.jpg,buildings,76.6668
360.jpg,buildings,97.65122
3600.jpg,forest,99.96
3605.jpg,forest,79.7916
3609.jpg,buildings,89.74512
3612.jpg,buildings,99.972755
362.jpg,glacier,55.696922
3622.jpg,sea,99.74578
3625.jpg,mountain,99.888306
3627.jpg,sea,99.41806
3632.jpg,glacier,92.29965
3633.jpg,mountain,66.11605
3639.jpg,street,85.57058
3640.jpg,buildings,84.905365
3642.jpg,forest,99.902985
3644.jpg,glacier,95.56595
3646.jpg,street,91.98579
3648.jpg,glacier,99.712166
365.jpg,mountain,81.8247
3652.jpg,mountain,62.366653
3655.jpg,forest,99.82619
3656.jpg,forest,99.99593
3668.jpg,sea,65.976074
3672.jpg,mountain,50.49679
3673.jpg,buildings,99.99884
3677.jpg,sea,61.624847
368.jpg,sea,99.55218
3681.jpg,sea,82.11097
3688.jpg,mountain,77.33545
3690.jpg,sea,90.59544
3696.jpg,glacier,97.341736
3698.jpg,forest,99.978035
3700.jpg,sea,95.49023
3703.jpg,street,79.68863
3705.jpg,mountain,96.92608
3707.jpg,mountain,98.3543
3709.jpg,buildings,99.69615
3710.jpg,buildings,89.45126
3714.jpg,glacier,98.67057
3715.jpg,mountain,82.40996
3716.jpg,buildings,92.914345
3720.jpg,glacier,92.51688
3721.jpg,mountain,98.33087
3725.jpg,mountain,67.19711
3728.jpg,forest,99.99877
3729.jpg,buildings,99.96539
3730.jpg,street,57.69205
3735.jpg,mountain,90.38242
3738.jpg,street,99.99803
3739.jpg,street,99.40075
374.jpg,forest,98.82757
375.jpg,street,99.96533
3753.jpg,sea,99.092896
3754.jpg,street,99.958664
3755.jpg,sea,99.989426
3757.jpg,buildings,88.75607
3770.jpg,sea,97.594315
3772.jpg,mountain,74.95506
3776.jpg,sea,99.78727
3778.jpg,buildings,97.99269
3782.jpg,buildings,99.91323
3789.jpg,sea,99.99724
379.jpg,street,99.81688
3790.jpg,glacier,58.958263
3799.jpg,forest,99.970055
38.jpg,glacier,93.650856
3805.jpg,glacier,53.716213
3814.jpg,sea,99.385
3817.jpg,glacier,98.80967
3819.jpg,forest,99.99699
382.jpg,mountain,97.935036
3821.jpg,buildings,99.746895
3823.jpg,mountain,99.840576
3830.jpg,street,99.99721
3832.jpg,sea,55.64456
3833.jpg,sea,99.64618
3835.jpg,street,99.00815
3838.jpg,glacier,99.9832
3846.jpg,forest,99.987915
385.jpg,mountain,99.26674
3851.jpg,buildings,99.86186
3853.jpg,mountain,98.47674
3854.jpg,sea,97.16818
3855.jpg,mountain,98.82088
3859.jpg,buildings,99.392845
3865.jpg,mountain,66.26597
3867.jpg,street,99.704185
387.jpg,street,73.14214
388.jpg,buildings,98.85726
3883.jpg,mountain,98.38001
3886.jpg,mountain,53.66205
3887.jpg,mountain,57.71409
389.jpg,forest,99.96029
3892.jpg,forest,99.82717
3897.jpg,street,99.968254
3906.jpg,mountain,77.245804
3907.jpg,sea,99.97087
3910.jpg,glacier,99.89298
3916.jpg,mountain,57.492065
3917.jpg,street,66.92604
3918.jpg,glacier,99.99858
3919.jpg,sea,98.77093
3923.jpg,glacier,99.97012
3925.jpg,mountain,95.49769
3926.jpg,forest,93.97791
393.jpg,street,97.185295
3930.jpg,forest,99.999664
3932.jpg,buildings,88.71075
3942.jpg,forest,99.941925
3946.jpg,street,96.663414
3947.jpg,sea,60.62361
3953.jpg,forest,99.99019
3962.jpg,sea,88.96994
3966.jpg,mountain,97.75892
3970.jpg,mountain,84.75741
3975.jpg,mountain,92.33893
3976.jpg,sea,95.499245
3979.jpg,mountain,99.3949
398.jpg,sea,99.512115
3981.jpg,glacier,99.997665
3982.jpg,glacier,97.77764
3983.jpg,street,56.455986
3986.jpg,buildings,84.03261
3987.jpg,sea,89.69706
399.jpg,mountain,94.47372
3995.jpg,sea,96.67454
3996.jpg,mountain,93.26488
400.jpg,glacier,99.97803
4011.jpg,glacier,55.712067
4013.jpg,buildings,99.882576
4014.jpg,buildings,99.91744
4019.jpg,forest,99.97403
4021.jpg,street,99.8147
4022.jpg,mountain,95.822975
4023.jpg,sea,92.70274
403.jpg,sea,99.75187
4030.jpg,street,99.987045
4032.jpg,sea,84.66441
4035.jpg,sea,50.789696
4036.jpg,glacier,94.31834
4037.jpg,forest,99.98219
4040.jpg,buildings,99.61797
4043.jpg,mountain,98.71622
4045.jpg,forest,99.999146
4050.jpg,glacier,76.74609
4058.jpg,mountain,98.47152
4061.jpg,glacier,98.65696
4063.jpg,street,99.94612
4066.jpg,mountain,87.53254
4069.jpg,mountain,98.640785
4071.jpg,buildings,99.99971
4072.jpg,buildings,99.71977
4073.jpg,sea,99.49882
4074.jpg,street,99.98767
4078.jpg,street,99.8468
408.jpg,glacier,97.64594
4080.jpg,sea,64.083115
4083.jpg,street,99.98697
4085.jpg,sea,99.89033
4089.jpg,street,99.64618
4091.jpg,glacier,99.467125
4094.jpg,street,98.89076
410.jpg,glacier,74.71136
4101.jpg,mountain,72.0809
4104.jpg,glacier,99.63675
4105.jpg,mountain,94.210396
4107.jpg,street,99.94552
4108.jpg,buildings,99.208244
4111.jpg,forest,99.8999
4113.jpg,mountain,89.24545
4118.jpg,street,95.705154
4121.jpg,buildings,99.95936
4122.jpg,street,99.330315
4123.jpg,street,67.76252
4124.jpg,sea,99.78682
4126.jpg,buildings,99.57599
4127.jpg,sea,99.961205
413.jpg,sea,99.8686
4133.jpg,street,95.10094
4135.jpg,street,99.91096
4136.jpg,mountain,84.853195
4138.jpg,street,94.62756
4140.jpg,mountain,97.267494
4149.jpg,sea,89.40502
4150.jpg,buildings,99.94854
4153.jpg,street,78.47652
4157.jpg,sea,90.698235
4164.jpg,sea,81.275024
4166.jpg,glacier,96.906975
4167.jpg,buildings,58.755367
4168.jpg,street,99.03133
4169.jpg,mountain,60.65604
4170.jpg,mountain,99.177505
4176.jpg,street,98.24517
4179.jpg,glacier,99.73601
4180.jpg,street,99.80787
4183.jpg,street,99.99704
4185.jpg,forest,99.99969
4188.jpg,street,99.999214
4190.jpg,forest,99.9708
4195.jpg,sea,97.69552
4196.jpg,street,61.659096
4198.jpg,street,99.88335
420.jpg,mountain,94.64663
4200.jpg,mountain,47.921688
4201.jpg,mountain,98.88567
4203.jpg,buildings,100.0
4204.jpg,glacier,92.880875
4206.jpg,buildings,99.997536
4207.jpg,glacier,99.96484
4212.jpg,forest,99.46049
4213.jpg,glacier,99.84767
4214.jpg,glacier,99.16305
4216.jpg,street,99.99316
4219.jpg,mountain,99.70127
4220.jpg,street,99.9626
4222.jpg,mountain,68.182045
4223.jpg,buildings,99.98257
4226.jpg,street,63.736736
4229.jpg,buildings,84.89708
423.jpg,sea,95.6185
4236.jpg,forest,99.73495
4237.jpg,street,99.999794
424.jpg,mountain,68.233116
4240.jpg,forest,99.9824
4241.jpg,street,99.9868
4242.jpg,mountain,92.95955
4243.jpg,street,99.15977
4245.jpg,glacier,97.552574
4246.jpg,buildings,99.87962
4247.jpg,sea,99.99655
4248.jpg,street,99.9161
425.jpg,mountain,98.50313
4254.jpg,street,99.92512
4262.jpg,street,82.28266
4265.jpg,mountain,94.994156
4268.jpg,street,99.29942
4272.jpg,street,99.98265
4274.jpg,forest,99.995384
4277.jpg,glacier,71.46272
4278.jpg,mountain,96.699295
428.jpg,sea,50.461876
4280.jpg,sea,99.75103
4282.jpg,street,99.97297
4284.jpg,street,99.93167
4285.jpg,forest,99.9796
4286.jpg,street,99.89816
4288.jpg,forest,99.99603
429.jpg,sea,99.99415
4291.jpg,street,37.44946
4296.jpg,street,99.98718
4298.jpg,buildings,99.99994
4300.jpg,glacier,89.78777
4302.jpg,forest,99.85262
4305.jpg,buildings,75.26606
4309.jpg,mountain,99.47688
4315.jpg,mountain,99.849106
4318.jpg,mountain,97.81756
4319.jpg,sea,99.274605
4324.jpg,street,99.59927
4325.jpg,glacier,94.00763
4326.jpg,street,99.35492
4328.jpg,street,99.96264
4329.jpg,forest,99.97414
4331.jpg,glacier,99.87649
4333.jpg,street,99.29244
4336.jpg,forest,90.51578
434.jpg,sea,96.02897
4343.jpg,street,55.142075
4345.jpg,sea,99.96808
4347.jpg,street,99.99225
4349.jpg,glacier,90.734055
435.jpg,forest,99.999344
4350.jpg,sea,73.91478
4353.jpg,mountain,88.16643
4355.jpg,sea,89.26306
4357.jpg,sea,99.416565
436.jpg,mountain,94.814514
4360.jpg,glacier,98.89749
4361.jpg,glacier,99.99608
4363.jpg,street,99.850685
4364.jpg,street,99.98801
4366.jpg,forest,99.96821
4367.jpg,street,98.10486
4369.jpg,street,99.359856
4374.jpg,sea,99.37729
4376.jpg,buildings,99.89358
4379.jpg,forest,99.46439
4391.jpg,sea,99.43561
4394.jpg,street,99.305305
4395.jpg,sea,99.812416
4396.jpg,street,99.99707
4402.jpg,forest,99.97955
4405.jpg,street,95.69144
4407.jpg,mountain,98.83654
4409.jpg,glacier,99.999176
4411.jpg,forest,99.98903
4415.jpg,glacier,99.51705
4416.jpg,forest,99.963486
4418.jpg,forest,99.9967
4419.jpg,mountain,68.40677
442.jpg,forest,99.99969
4420.jpg,street,98.70374
4422.jpg,street,99.4115
4424.jpg,street,99.98328
4429.jpg,mountain,97.57858
4430.jpg,glacier,96.18676
4432.jpg,glacier,63.75721
4434.jpg,street,99.98849
4438.jpg,street,85.986916
4439.jpg,street,99.08551
4443.jpg,mountain,92.717926
4445.jpg,glacier,98.912415
4447.jpg,street,98.77439
4448.jpg,street,89.5771
4449.jpg,street,99.01362
4453.jpg,street,98.90449
4454.jpg,forest,99.969185
4462.jpg,glacier,99.98963
4464.jpg,street,99.88856
4468.jpg,buildings,99.86394
4472.jpg,sea,99.180725
4473.jpg,mountain,98.54476
4477.jpg,glacier,94.860214
4480.jpg,sea,99.99882
4487.jpg,sea,98.11647
4489.jpg,glacier,90.049065
4490.jpg,sea,69.03851
4494.jpg,street,97.397896
4495.jpg,street,99.94802
4496.jpg,forest,99.21478
4502.jpg,street,99.99909
4503.jpg,buildings,96.79572
4510.jpg,sea,96.017365
4518.jpg,street,99.853806
4519.jpg,street,65.16845
452.jpg,forest,87.15716
4521.jpg,mountain,95.0594
4523.jpg,street,94.85013
4524.jpg,street,99.99042
4525.jpg,glacier,99.97617
4526.jpg,mountain,98.22073
453.jpg,mountain,99.12478
4533.jpg,street,99.5793
4535.jpg,street,74.02373
4538.jpg,street,99.71386
4542.jpg,buildings,53.911613
4545.jpg,sea,99.948296
4546.jpg,sea,72.148476
4547.jpg,sea,99.68634
4549.jpg,forest,99.69687
4550.jpg,glacier,89.26247
4559.jpg,forest,99.805435
4562.jpg,street,97.87267
4563.jpg,sea,99.616936
4564.jpg,sea,99.726944
4570.jpg,street,99.998856
4572.jpg,street,99.131256
4574.jpg,street,99.65049
4577.jpg,street,99.99608
458.jpg,buildings,93.18381
4580.jpg,mountain,88.57973
4583.jpg,street,99.970695
4584.jpg,street,99.832695
4585.jpg,forest,99.954506
4586.jpg,mountain,99.48151
4587.jpg,buildings,99.99808
4588.jpg,sea,99.99758
4591.jpg,street,97.73032
4592.jpg,forest,99.99671
4594.jpg,forest,99.94536
4596.jpg,street,99.999985
4597.jpg,street,98.99997
4603.jpg,sea,99.5657
4609.jpg,street,95.25925
4610.jpg,glacier,64.85817
4611.jpg,glacier,77.22563
4613.jpg,glacier,83.2932
4614.jpg,street,99.97384
4615.jpg,street,99.9389
4618.jpg,street,99.61571
4619.jpg,forest,99.99089
462.jpg,forest,99.935776
4625.jpg,sea,37.01966
4632.jpg,street,99.907646
4635.jpg,buildings,99.97619
4636.jpg,glacier,99.99466
4637.jpg,forest,99.23536
4641.jpg,street,99.999214
4642.jpg,street,99.9865
4643.jpg,glacier,99.98313
4646.jpg,buildings,97.27854
4649.jpg,street,65.46034
465.jpg,mountain,70.216736
4652.jpg,sea,99.96372
4653.jpg,street,99.06398
4655.jpg,sea,65.46321
4656.jpg,street,99.8214
4657.jpg,sea,54.25511
4660.jpg,sea,96.48057
4662.jpg,street,99.75449
4664.jpg,mountain,97.24514
4665.jpg,buildings,73.48723
4668.jpg,sea,91.58626
467.jpg,street,87.76607
4670.jpg,glacier,99.96093
4674.jpg,sea,99.85921
4677.jpg,street,99.88433
4680.jpg,forest,99.97496
4681.jpg,street,99.72917
4683.jpg,glacier,75.363655
4684.jpg,street,95.17846
4685.jpg,mountain,99.91693
4687.jpg,buildings,99.88857
4688.jpg,street,93.911385
4689.jpg,mountain,98.927055
4692.jpg,street,99.97429
4693.jpg,street,82.188545
4696.jpg,buildings,99.99835
4697.jpg,sea,57.408745
4698.jpg,glacier,98.87667
4699.jpg,mountain,82.123795
4701.jpg,glacier,97.76208
4702.jpg,forest,99.99764
4703.jpg,forest,99.99998
4706.jpg,street,49.977478
471.jpg,glacier,99.39631
4710.jpg,forest,99.995865
4712.jpg,mountain,96.04085
4713.jpg,street,99.222336
4714.jpg,buildings,98.72959
4718.jpg,street,99.999306
4719.jpg,street,98.094574
4720.jpg,mountain,94.323715
4721.jpg,forest,96.9818
4722.jpg,forest,99.98595
4724.jpg,forest,99.98219
4726.jpg,street,99.92919
4728.jpg,mountain,50.217598
4730.jpg,street,98.82078
4732.jpg,street,99.51206
4733.jpg,street,98.51029
4734.jpg,street,98.05612
4735.jpg,sea,51.879807
4736.jpg,forest,99.99652
4740.jpg,buildings,99.998535
4743.jpg,street,99.931694
4746.jpg,mountain,99.65083
4749.jpg,sea,95.611435
475.jpg,forest,99.99881
4751.jpg,street,99.72732
4753.jpg,glacier,99.98127
4754.jpg,sea,99.99894
4756.jpg,glacier,58.569466
4757.jpg,forest,99.99998
4758.jpg,mountain,83.21241
4760.jpg,buildings,63.647682
4764.jpg,glacier,99.7922
4765.jpg,street,91.16363
4766.jpg,mountain,79.27204
4769.jpg,sea,99.2773
4772.jpg,sea,99.91568
4773.jpg,street,99.68459
4778.jpg,street,99.826
4780.jpg,street,99.7938
4781.jpg,sea,93.684456
4782.jpg,glacier,99.0945
4783.jpg,sea,99.8996
4784.jpg,sea,95.61066
4787.jpg,mountain,99.443924
4792.jpg,buildings,99.87021
4793.jpg,street,99.867836
4799.jpg,sea,99.92203
4801.jpg,glacier,59.06987
4802.jpg,glacier,95.70363
4804.jpg,glacier,99.846634
4807.jpg,street,94.4807
4809.jpg,street,99.99644
4811.jpg,sea,99.81856
4816.jpg,forest,99.999985
4817.jpg,buildings,99.974045
482.jpg,mountain,99.25381
4823.jpg,sea,99.93958
4825.jpg,street,95.311455
4836.jpg,forest,99.992004
4837.jpg,buildings,66.27535
4842.jpg,sea,99.96112
4843.jpg,glacier,96.69515
4849.jpg,forest,56.022964
485.jpg,sea,99.85465
4853.jpg,glacier,99.90927
4866.jpg,mountain,85.693405
4867.jpg,sea,99.88513
4869.jpg,sea,99.71533
487.jpg,sea,99.90271
4876.jpg,forest,99.9875
4881.jpg,forest,99.99176
4882.jpg,buildings,99.99932
4885.jpg,mountain,71.4356
4888.jpg,glacier,98.27154
4894.jpg,mountain,93.48489
4896.jpg,mountain,96.42235
490.jpg,glacier,55.94228
4903.jpg,glacier,99.99807
4910.jpg,forest,99.59638
4911.jpg,forest,99.895226
4915.jpg,forest,99.97341
4917.jpg,mountain,98.46223
4919.jpg,forest,99.99991
492.jpg,mountain,89.63985
4921.jpg,mountain,99.16893
4925.jpg,street,94.01165
4926.jpg,glacier,99.74557
4929.jpg,mountain,92.60135
493.jpg,forest,99.9986
4930.jpg,glacier,99.99133
4931.jpg,sea,99.61272
4933.jpg,forest,99.99542
494.jpg,mountain,84.37951
4944.jpg,sea,98.99857
4946.jpg,mountain,99.673225
4947.jpg,forest,99.88182
4949.jpg,glacier,99.26453
4955.jpg,glacier,93.66108
4957.jpg,forest,99.93525
4960.jpg,sea,98.89101
4968.jpg,mountain,58.835052
497.jpg,street,99.30916
4976.jpg,sea,99.9956
498.jpg,glacier,99.93968
4984.jpg,sea,99.163895
4986.jpg,glacier,99.6504
499.jpg,glacier,99.98527
4990.jpg,forest,99.97481
4991.jpg,forest,99.99971
4993.jpg,forest,99.98448
4995.jpg,buildings,99.97731
5.jpg,buildings,99.97606
5000.jpg,street,99.98945
5004.jpg,forest,99.9652
5005.jpg,sea,99.99038
5010.jpg,sea,98.759926
5015.jpg,forest,99.99449
5016.jpg,glacier,85.981384
5020.jpg,street,84.2977
5022.jpg,sea,99.99142
5031.jpg,forest,99.97505
5036.jpg,glacier,99.99703
5057.jpg,glacier,75.39794
5061.jpg,street,94.16483
5066.jpg,glacier,95.68589
5067.jpg,sea,91.75467
5068.jpg,buildings,99.96997
507.jpg,forest,99.92655
5070.jpg,forest,99.9982
5072.jpg,buildings,96.7946
5077.jpg,buildings,99.70298
51.jpg,glacier,95.657524
5100.jpg,forest,99.99924
5103.jpg,forest,95.46609
5106.jpg,sea,99.96672
5107.jpg,buildings,99.9941
5110.jpg,glacier,91.04443
5112.jpg,mountain,96.51029
5113.jpg,forest,99.988846
5115.jpg,mountain,63.282032
5125.jpg,street,99.55823
5126.jpg,sea,98.54711
5128.jpg,buildings,99.99082
513.jpg,buildings,75.624954
5130.jpg,buildings,99.80233
5134.jpg,buildings,65.280876
5137.jpg,glacier,98.66414
5144.jpg,street,99.25683
5146.jpg,buildings,99.99996
515.jpg,street,99.89522
5151.jpg,mountain,99.77726
5157.jpg,mountain,99.817505
5158.jpg,mountain,91.00305
516.jpg,mountain,99.08792
5162.jpg,forest,99.99754
5164.jpg,buildings,99.0495
5174.jpg,forest,99.977974
5178.jpg,mountain,99.40221
5179.jpg,street,95.922615
5180.jpg,glacier,81.23715
5181.jpg,glacier,99.40146
5184.jpg,glacier,97.66545
5187.jpg,buildings,92.75806
5197.jpg,mountain,98.721886
52.jpg,mountain,93.4554
520.jpg,buildings,99.9957
5200.jpg,buildings,99.04867
5213.jpg,street,96.4336
5218.jpg,glacier,99.098915
522.jpg,mountain,58.388794
5220.jpg,forest,99.98355
5227.jpg,forest,99.993004
5229.jpg,sea,98.632774
5230.jpg,glacier,98.17474
5232.jpg,sea,99.42623
5236.jpg,glacier,98.936424
5245.jpg,sea,99.7654
5249.jpg,glacier,83.742775
5251.jpg,sea,92.61739
5254.jpg,glacier,65.49277
5255.jpg,street,94.4485
5259.jpg,buildings,89.38188
5265.jpg,buildings,95.075935
527.jpg,mountain,93.195984
5274.jpg,street,97.81465
5278.jpg,forest,99.946495
528.jpg,sea,99.75695
5282.jpg,buildings,90.261475
5284.jpg,forest,99.99989
5288.jpg,sea,97.882614
5289.jpg,mountain,79.30647
529.jpg,sea,99.93154
5293.jpg,forest,99.967766
5301.jpg,mountain,94.27474
5303.jpg,glacier,45.355152
531.jpg,glacier,99.9954
5314.jpg,forest,99.998245
5315.jpg,buildings,98.20721
5320.jpg,glacier,99.40058
5322.jpg,glacier,58.53122
5328.jpg,glacier,70.806625
5336.jpg,buildings,93.10405
5346.jpg,mountain,95.439354
5355.jpg,sea,99.968
536.jpg,glacier,99.458176
5361.jpg,street,99.98516
5364.jpg,glacier,96.16843
5365.jpg,sea,99.58816
5366.jpg,mountain,51.368435
5367.jpg,street,99.75307
5370.jpg,mountain,96.774765
5374.jpg,mountain,97.200584
5375.jpg,forest,44.26977
5376.jpg,mountain,87.85088
5379.jpg,buildings,93.7955
5380.jpg,sea,99.89618
5383.jpg,glacier,52.24921
5386.jpg,sea,99.990395
5389.jpg,street,99.99996
5391.jpg,glacier,62.966305
5394.jpg,glacier,90.05595
5402.jpg,glacier,85.634995
5403.jpg,buildings,97.3609
5408.jpg,street,99.982254
5409.jpg,buildings,99.867424
5415.jpg,forest,99.96721
5420.jpg,forest,99.999275
5421.jpg,mountain,97.7585
5427.jpg,forest,99.99981
5429.jpg,buildings,96.28981
5430.jpg,sea,99.955956
544.jpg,sea,99.82299
5443.jpg,glacier,99.795296
5445.jpg,buildings,99.08751
5450.jpg,mountain,89.74549
5455.jpg,buildings,99.82405
5457.jpg,mountain,96.66439
5458.jpg,street,99.89094
546.jpg,buildings,98.340385
5460.jpg,glacier,96.25326
5466.jpg,glacier,95.691
5467.jpg,buildings,99.999985
5469.jpg,street,96.49107
5472.jpg,buildings,73.2795
5473.jpg,buildings,99.14281
5475.jpg,mountain,96.96428
5476.jpg,mountain,97.90236
5478.jpg,sea,97.774475
548.jpg,buildings,84.26638
5480.jpg,glacier,97.663956
5481.jpg,forest,99.975876
5486.jpg,glacier,98.0973
549.jpg,forest,99.99617
5491.jpg,sea,99.99368
5493.jpg,mountain,99.54235
5497.jpg,forest,99.991646
5499.jpg,forest,99.99241
5502.jpg,sea,80.22008
5503.jpg,street,99.61113
5507.jpg,glacier,77.86816
5509.jpg,mountain,83.8172
5511.jpg,mountain,82.361824
5520.jpg,sea,99.9353
5525.jpg,glacier,98.78498
5527.jpg,forest,99.860565
5528.jpg,sea,99.61616
553.jpg,mountain,57.906647
5537.jpg,buildings,96.68732
5541.jpg,forest,99.975174
5545.jpg,sea,47.865044
5549.jpg,mountain,76.95245
555.jpg,street,96.03833
5550.jpg,street,88.46163
5552.jpg,sea,98.09545
5553.jpg,sea,99.925766
5555.jpg,street,99.64335
5558.jpg,buildings,99.983765
5560.jpg,buildings,91.53466
5562.jpg,sea,99.38481
5564.jpg,mountain,85.26375
5567.jpg,buildings,99.99454
557.jpg,forest,71.14909
5571.jpg,street,99.93024
5580.jpg,mountain,65.578094
5581.jpg,street,99.871704
5585.jpg,sea,97.48375
5589.jpg,glacier,73.557396
5595.jpg,glacier,99.385284
5596.jpg,buildings,99.99991
5598.jpg,forest,99.96388
560.jpg,forest,99.9788
5608.jpg,street,99.99765
5609.jpg,buildings,99.95696
561.jpg,glacier,95.64151
5619.jpg,glacier,99.99286
5620.jpg,mountain,90.02794
5621.jpg,forest,99.94153
5623.jpg,forest,99.99612
563.jpg,mountain,94.335915
5639.jpg,glacier,54.836803
5640.jpg,street,99.54702
5645.jpg,glacier,46.605255
5646.jpg,sea,97.50517
5647.jpg,mountain,98.32197
565.jpg,forest,99.93865
5651.jpg,street,99.95264
5657.jpg,mountain,96.01251
5659.jpg,mountain,96.61611
5665.jpg,glacier,99.82598
5667.jpg,street,99.98959
5668.jpg,sea,99.96036
5671.jpg,glacier,99.77688
568.jpg,sea,99.99515
5681.jpg,buildings,98.67921
5685.jpg,mountain,42.731087
5687.jpg,sea,99.994865
5689.jpg,glacier,67.85783
5690.jpg,glacier,96.85145
5693.jpg,street,99.20099
5699.jpg,glacier,96.59064
570.jpg,sea,99.73482
5702.jpg,buildings,99.963486
5706.jpg,mountain,90.71093
5718.jpg,glacier,81.41017
572.jpg,street,99.691376
5723.jpg,street,99.98198
5725.jpg,glacier,98.714455
5732.jpg,forest,99.999115
5733.jpg,forest,99.99502
5734.jpg,sea,91.25406
5736.jpg,sea,99.620544
5737.jpg,buildings,99.98669
5739.jpg,forest,99.996445
5740.jpg,buildings,99.97867
5745.jpg,sea,99.47633
5746.jpg,sea,80.075745
5749.jpg,street,99.86767
575.jpg,forest,99.99871
5751.jpg,mountain,95.32022
5756.jpg,street,99.00621
5762.jpg,forest,99.99075
5765.jpg,forest,99.99974
5766.jpg,mountain,71.44987
577.jpg,sea,80.41233
5773.jpg,glacier,99.89484
5782.jpg,sea,99.85348
5787.jpg,street,71.80818
579.jpg,glacier,99.17278
5793.jpg,glacier,95.32457
5796.jpg,street,99.93176
5800.jpg,street,99.9985
5802.jpg,buildings,99.999954
5803.jpg,sea,99.26508
5806.jpg,buildings,96.79172
5807.jpg,street,93.34923
5813.jpg,buildings,99.68865
5823.jpg,street,91.68566
5826.jpg,mountain,97.978035
5827.jpg,mountain,97.452545
5830.jpg,forest,99.91821
5839.jpg,street,99.800125
584.jpg,sea,99.580505
5841.jpg,street,95.45191
5844.jpg,glacier,89.759636
5847.jpg,mountain,99.862015
5851.jpg,sea,90.427765
5854.jpg,sea,98.83862
5856.jpg,buildings,87.05656
5857.jpg,street,99.88951
5859.jpg,forest,99.95814
5862.jpg,street,99.14072
5863.jpg,street,99.714005
5864.jpg,glacier,99.97111
5868.jpg,mountain,42.94426
5871.jpg,forest,99.90687
5876.jpg,mountain,97.809616
588.jpg,forest,99.99983
5881.jpg,buildings,89.764336
5882.jpg,glacier,51.82564
5887.jpg,sea,98.1073
5888.jpg,mountain,79.52878
5889.jpg,street,99.98748
5894.jpg,street,94.54951
5896.jpg,sea,96.01497
5898.jpg,sea,99.90361
590.jpg,street,99.67235
5901.jpg,forest,99.99015
5903.jpg,sea,98.732254
5909.jpg,buildings,98.02283
591.jpg,forest,99.70656
5914.jpg,glacier,99.86612
592.jpg,forest,99.863976
5929.jpg,sea,99.59001
593.jpg,glacier,89.4532
5933.jpg,mountain,50.7854
5934.jpg,mountain,99.298874
5936.jpg,sea,96.02919
5942.jpg,buildings,67.562965
5945.jpg,glacier,99.98582
5951.jpg,glacier,98.27484
5953.jpg,street,87.36459
5954.jpg,forest,99.945145
5956.jpg,buildings,99.77141
5957.jpg,sea,99.85587
5959.jpg,glacier,99.65099
5961.jpg,street,99.83574
5962.jpg,sea,99.79056
5966.jpg,forest,99.99993
5967.jpg,buildings,96.15168
5969.jpg,street,99.9996
5975.jpg,forest,99.99534
5979.jpg,mountain,79.638565
598.jpg,buildings,94.821594
5981.jpg,buildings,69.84075
5982.jpg,mountain,97.26245
5986.jpg,mountain,53.988194
5987.jpg,buildings,99.968
5991.jpg,sea,53.73299
5993.jpg,sea,99.97191
5995.jpg,street,99.94813
5996.jpg,glacier,99.97839
5999.jpg,forest,99.996826
6.jpg,sea,99.6814
600.jpg,mountain,97.04291
6001.jpg,mountain,99.61252
601.jpg,glacier,99.99989
6010.jpg,mountain,74.39819
6013.jpg,glacier,99.4699
6017.jpg,glacier,99.42632
6025.jpg,mountain,95.68764
6026.jpg,forest,99.68541
6027.jpg,buildings,74.86563
6031.jpg,buildings,74.22816
6039.jpg,forest,99.23808
6041.jpg,forest,99.99595
6047.jpg,street,99.92892
605.jpg,buildings,99.99996
6051.jpg,mountain,88.69521
6058.jpg,street,99.97388
6059.jpg,street,99.989174
6062.jpg,forest,99.983536
6063.jpg,street,98.523026
6066.jpg,street,99.97737
6068.jpg,forest,99.977295
6069.jpg,buildings,96.93862
607.jpg,glacier,94.30529
6071.jpg,forest,99.99907
6074.jpg,buildings,94.221054
6077.jpg,glacier,96.998665
608.jpg,buildings,92.13505
6082.jpg,glacier,90.844955
6087.jpg,glacier,95.66701
6089.jpg,street,97.70444
609.jpg,forest,99.834595
6090.jpg,street,99.981705
6093.jpg,mountain,98.91247
6094.jpg,sea,96.21254
61.jpg,buildings,99.998474
6108.jpg,mountain,98.9768
6113.jpg,street,99.50876
6116.jpg,street,99.35119
6120.jpg,sea,97.60359
6121.jpg,sea,91.81253
6122.jpg,forest,99.99894
6133.jpg,forest,99.99983
6134.jpg,glacier,99.56073
614.jpg,street,99.968636
6140.jpg,mountain,99.0914
6141.jpg,glacier,99.99883
6145.jpg,mountain,99.87089
6148.jpg,forest,99.99805
615.jpg,street,96.847084
616.jpg,buildings,99.83699
6162.jpg,street,99.975494
6163.jpg,buildings,99.993774
6164.jpg,buildings,99.04315
6165.jpg,mountain,96.71752
6168.jpg,glacier,99.965034
6173.jpg,glacier,97.507126
6176.jpg,street,99.9869
6179.jpg,street,99.9935
6181.jpg,sea,98.8808
6183.jpg,forest,99.99426
6185.jpg,buildings,99.6415
6189.jpg,sea,96.15141
619.jpg,forest,99.50909
6191.jpg,glacier,99.22766
6194.jpg,glacier,97.930145
6198.jpg,mountain,96.29376
6200.jpg,mountain,52.886932
6202.jpg,street,99.63525
6206.jpg,sea,99.96172
6207.jpg,sea,99.84073
6209.jpg,glacier,98.10058
6211.jpg,street,98.84966
6214.jpg,street,99.90687
6217.jpg,street,99.3441
6218.jpg,street,99.65552
622.jpg,mountain,99.191864
6228.jpg,mountain,96.00419
6229.jpg,street,95.22687
6234.jpg,sea,99.99678
6245.jpg,forest,99.99369
6246.jpg,sea,99.53602
6247.jpg,mountain,99.47168
6248.jpg,glacier,97.55559
6250.jpg,mountain,95.57981
6251.jpg,forest,99.99546
6253.jpg,mountain,96.90169
6255.jpg,mountain,99.77035
6257.jpg,glacier,99.94568
626.jpg,mountain,99.19918
6288.jpg,sea,93.9908
629.jpg,forest,54.531128
6291.jpg,mountain,99.350365
6292.jpg,forest,99.8434
6293.jpg,forest,99.99504
6296.jpg,mountain,93.94331
6297.jpg,sea,98.76376
63.jpg,sea,93.017334
630.jpg,sea,99.91248
6300.jpg,glacier,97.66234
6303.jpg,mountain,94.653305
6304.jpg,buildings,98.50921
6306.jpg,buildings,86.88792
6308.jpg,sea,99.78682
6318.jpg,sea,94.54119
632.jpg,mountain,99.91688
6320.jpg,buildings,99.99998
6322.jpg,buildings,99.99693
6329.jpg,mountain,98.66105
633.jpg,sea,94.67241
6332.jpg,street,99.98487
6333.jpg,buildings,52.028336
6348.jpg,forest,99.8753
6349.jpg,glacier,99.32563
6350.jpg,glacier,99.608826
6351.jpg,mountain,94.049164
6353.jpg,sea,99.814735
6357.jpg,buildings,99.68999
6361.jpg,buildings,99.28026
6362.jpg,buildings,94.88787
6365.jpg,sea,99.90522
6371.jpg,buildings,99.54129
6375.jpg,glacier,99.96268
6376.jpg,street,99.99884
638.jpg,glacier,99.898285
6382.jpg,buildings,99.995674
6390.jpg,forest,99.99945
6397.jpg,sea,76.51322
6399.jpg,forest,57.714535
64.jpg,forest,99.90741
6401.jpg,mountain,49.43365
6403.jpg,glacier,99.93686
6410.jpg,forest,99.65408
6415.jpg,buildings,87.76133
6419.jpg,street,99.91691
6423.jpg,sea,99.79697
6424.jpg,forest,99.99014
6427.jpg,glacier,98.40189
6431.jpg,mountain,83.90607
6435.jpg,forest,89.46175
6437.jpg,street,90.20198
6438.jpg,buildings,99.926285
6443.jpg,sea,99.9832
6444.jpg,glacier,99.97181
6446.jpg,buildings,99.811104
6448.jpg,mountain,97.87257
645.jpg,street,96.05637
6450.jpg,mountain,98.879715
6451.jpg,mountain,72.484726
6453.jpg,glacier,99.46639
6459.jpg,mountain,87.31552
646.jpg,mountain,94.41796
6461.jpg,buildings,99.27122
6462.jpg,mountain,99.692795
6464.jpg,forest,99.967125
6475.jpg,mountain,87.11297
6476.jpg,forest,99.94781
6478.jpg,street,99.99771
6483.jpg,forest,99.930695
6484.jpg,forest,99.99485
6485.jpg,sea,99.94941
6488.jpg,glacier,99.652405
6489.jpg,forest,99.99275
6491.jpg,glacier,88.43854
6492.jpg,sea,99.973175
6493.jpg,buildings,99.99025
6497.jpg,mountain,72.5725
6500.jpg,street,99.974945
6504.jpg,forest,99.96658
6513.jpg,mountain,89.28736
6521.jpg,forest,99.93681
6529.jpg,forest,99.983345
653.jpg,street,99.92462
6531.jpg,forest,99.9974
6534.jpg,mountain,99.58567
6536.jpg,forest,99.997154
6539.jpg,street,99.99971
6542.jpg,forest,99.97593
6546.jpg,glacier,98.6821
6547.jpg,sea,99.932526
655.jpg,street,54.963596
6554.jpg,sea,99.783485
6556.jpg,forest,99.98274
6557.jpg,sea,66.667076
6559.jpg,street,99.95765
656.jpg,street,96.39071
6571.jpg,sea,97.07175
6572.jpg,mountain,85.14945
6574.jpg,sea,99.82566
6577.jpg,mountain,95.507126
6579.jpg,buildings,99.79024
6580.jpg,glacier,99.819824
6581.jpg,buildings,99.94785
6582.jpg,buildings,79.18004
6593.jpg,street,98.7041
6595.jpg,buildings,78.429726
6596.jpg,street,99.60455
660.jpg,mountain,95.1035
6604.jpg,forest,99.930954
661.jpg,forest,99.99674
6611.jpg,street,99.965195
6612.jpg,buildings,99.95453
6614.jpg,mountain,99.14715
6615.jpg,forest,99.99606
6617.jpg,sea,99.3592
6621.jpg,street,98.98937
6622.jpg,forest,99.98381
6630.jpg,glacier,69.64268
6639.jpg,sea,99.81675
6644.jpg,forest,99.20805
6647.jpg,forest,99.99491
6649.jpg,glacier,94.23909
6650.jpg,street,99.23116
6651.jpg,glacier,99.98542
6658.jpg,mountain,56.202347
6663.jpg,forest,99.99998
6665.jpg,sea,99.99707
667.jpg,forest,99.9928
6672.jpg,forest,99.99956
6674.jpg,mountain,99.47679
6677.jpg,street,99.98762
668.jpg,buildings,99.97598
6681.jpg,sea,75.90001
6682.jpg,street,99.99888
6688.jpg,glacier,98.30724
6690.jpg,sea,99.99479
6692.jpg,mountain,98.98449
6693.jpg,buildings,99.98362
6696.jpg,street,99.99538
6701.jpg,street,97.72526
6707.jpg,street,99.455475
671.jpg,street,99.61486
6715.jpg,sea,99.645706
6717.jpg,buildings,99.704994
672.jpg,forest,99.99704
6721.jpg,street,99.93026
6724.jpg,mountain,61.18471
6725.jpg,sea,60.03431
6727.jpg,glacier,70.96229
6730.jpg,sea,98.857864
6732.jpg,mountain,90.32584
6733.jpg,glacier,98.48985
6738.jpg,glacier,80.35683
6739.jpg,street,93.48911
6749.jpg,street,99.62656
6751.jpg,sea,94.87769
676.jpg,mountain,97.144226
6764.jpg,mountain,99.22882
6769.jpg,street,99.66444
677.jpg,mountain,99.829895
6772.jpg,sea,99.96952
6774.jpg,mountain,99.83986
6777.jpg,street,99.99457
6781.jpg,mountain,80.57298
6783.jpg,sea,53.560406
6784.jpg,buildings,93.08712
6785.jpg,glacier,91.21833
6788.jpg,sea,99.998436
6794.jpg,street,99.97755
6797.jpg,buildings,99.99368
6800.jpg,forest,99.99936
6806.jpg,mountain,99.7147
6807.jpg,glacier,96.3308
6808.jpg,street,94.55973
6811.jpg,glacier,98.13424
6816.jpg,glacier,86.47572
6819.jpg,sea,99.90289
682.jpg,glacier,86.81721
6822.jpg,buildings,69.52108
6832.jpg,glacier,97.56171
6835.jpg,mountain,98.92718
6840.jpg,forest,99.33542
6841.jpg,glacier,72.32796
6846.jpg,forest,99.996254
6850.jpg,street,99.99869
6855.jpg,glacier,83.69115
6857.jpg,mountain,59.107025
6860.jpg,forest,99.99892
6861.jpg,forest,99.99615
6862.jpg,sea,85.933876
6863.jpg,mountain,66.873024
6872.jpg,mountain,97.32929
6875.jpg,buildings,99.99102
6879.jpg,street,99.97882
6882.jpg,mountain,55.94461
6885.jpg,sea,98.204605
689.jpg,street,99.68069
6892.jpg,street,98.80389
69.jpg,street,99.56767
6900.jpg,mountain,98.51784
6901.jpg,street,99.99896
6904.jpg,mountain,99.419785
6906.jpg,sea,98.500725
691.jpg,glacier,47.575687
6916.jpg,glacier,99.35062
6917.jpg,street,99.67078
692.jpg,forest,99.896454
6920.jpg,buildings,96.409164
6921.jpg,sea,73.754616
6922.jpg,glacier,93.587616
6924.jpg,sea,99.99889
6925.jpg,mountain,87.49803
6930.jpg,glacier,99.43691
6931.jpg,buildings,97.50905
6938.jpg,glacier,89.78322
6941.jpg,street,94.03211
6943.jpg,street,91.85701
6948.jpg,sea,99.90362
695.jpg,mountain,93.6705
6950.jpg,buildings,100.0
6951.jpg,glacier,98.15383
6952.jpg,mountain,64.50389
6957.jpg,street,99.98172
6964.jpg,buildings,99.92016
6965.jpg,glacier,99.404015
6966.jpg,buildings,99.29531
6974.jpg,street,86.447266
6980.jpg,mountain,99.9331
6988.jpg,sea,99.42903
6989.jpg,forest,90.969284
6992.jpg,buildings,98.74342
6995.jpg,buildings,93.97269
6999.jpg,sea,98.334595
70.jpg,glacier,99.83092
700.jpg,street,99.993774
7001.jpg,sea,95.76237
7005.jpg,sea,96.67983
7011.jpg,buildings,94.931244
7013.jpg,sea,99.98079
7025.jpg,buildings,95.04882
7028.jpg,street,82.891785
7029.jpg,glacier,99.97118
7034.jpg,buildings,99.999084
7036.jpg,street,99.822014
7043.jpg,mountain,69.224205
7044.jpg,mountain,91.76396
705.jpg,street,99.491295
7050.jpg,buildings,99.99082
7055.jpg,buildings,99.193
7066.jpg,forest,99.99865
7067.jpg,glacier,99.794426
7068.jpg,glacier,97.35747
7069.jpg,sea,80.78293
7070.jpg,sea,99.996124
7075.jpg,mountain,99.75612
7077.jpg,forest,99.99994
7082.jpg,sea,99.80312
7088.jpg,buildings,99.96455
7089.jpg,buildings,99.61641
709.jpg,mountain,99.15889
7092.jpg,mountain,81.61
7094.jpg,sea,99.284584
7099.jpg,street,87.160965
7100.jpg,glacier,99.6828
7104.jpg,buildings,99.69677
7106.jpg,street,99.85211
7107.jpg,forest,99.873695
7109.jpg,buildings,97.5527
7110.jpg,buildings,99.95066
7112.jpg,sea,94.86934
7115.jpg,sea,99.22822
7117.jpg,forest,89.53274
7119.jpg,buildings,76.73335
7124.jpg,mountain,97.166046
7130.jpg,mountain,88.7907
7133.jpg,sea,99.536766
7137.jpg,sea,90.74145
7147.jpg,street,99.96762
7148.jpg,glacier,89.43597
7149.jpg,buildings,99.52129
7153.jpg,street,99.648346
7156.jpg,street,99.725716
7158.jpg,sea,96.20163
7159.jpg,sea,97.227615
7160.jpg,forest,99.99742
7161.jpg,buildings,83.74224
7162.jpg,forest,87.77268
7177.jpg,mountain,83.54895
718.jpg,sea,55.28293
7182.jpg,sea,98.99585
7183.jpg,glacier,99.73996
7186.jpg,sea,57.113243
7187.jpg,forest,99.99754
7190.jpg,sea,99.9764
7194.jpg,buildings,99.560585
72.jpg,street,99.83613
720.jpg,forest,98.31849
7208.jpg,sea,93.68979
7210.jpg,street,99.998436
7211.jpg,mountain,99.75618
7213.jpg,street,98.58686
7217.jpg,mountain,95.85065
7218.jpg,street,99.987366
7219.jpg,street,93.417816
7224.jpg,sea,99.76017
7230.jpg,forest,99.6826
7242.jpg,glacier,94.35966
7243.jpg,street,99.63008
7244.jpg,buildings,99.99805
7249.jpg,street,99.98179
7257.jpg,forest,99.973366
7260.jpg,sea,99.363205
7263.jpg,glacier,74.58569
7266.jpg,glacier,80.6303
7269.jpg,forest,99.99495
7270.jpg,mountain,96.87743
7272.jpg,forest,99.98953
7273.jpg,mountain,95.20809
7279.jpg,forest,99.99824
7280.jpg,buildings,99.8117
7283.jpg,street,99.99565
7295.jpg,sea,99.20373
7296.jpg,buildings,57.245266
7299.jpg,forest,99.98349
73.jpg,buildings,99.99998
7301.jpg,forest,99.9893
7304.jpg,glacier,99.387184
7305.jpg,street,99.9198
7310.jpg,mountain,98.92174
7312.jpg,buildings,99.99949
7315.jpg,street,99.84231
7316.jpg,street,99.80411
7317.jpg,forest,99.99759
732.jpg,street,96.010574
7322.jpg,sea,99.792046
7329.jpg,sea,99.98647
7334.jpg,street,99.99949
7335.jpg,sea,92.77103
734.jpg,buildings,96.56356
7348.jpg,mountain,76.84807
7349.jpg,buildings,99.989555
7352.jpg,forest,99.925285
7353.jpg,street,98.13046
7356.jpg,glacier,99.79916
736.jpg,buildings,99.998566
7362.jpg,glacier,89.74112
7368.jpg,mountain,97.327934
7371.jpg,forest,99.94453
7372.jpg,glacier,96.71628
7376.jpg,street,98.087776
7377.jpg,forest,99.98641
738.jpg,mountain,98.49002
7381.jpg,sea,95.95973
7385.jpg,mountain,70.86768
7389.jpg,street,99.85873
7390.jpg,buildings,98.93861
7391.jpg,buildings,95.56304
7394.jpg,mountain,89.52657
7395.jpg,sea,99.80742
740.jpg,buildings,99.976295
7403.jpg,forest,99.99396
7405.jpg,sea,99.63557
7406.jpg,sea,94.18821
7407.jpg,buildings,99.97941
7419.jpg,forest,99.98476
7422.jpg,glacier,99.67765
7423.jpg,sea,99.98299
7426.jpg,buildings,99.98247
7430.jpg,mountain,99.72668
7432.jpg,buildings,74.91004
7433.jpg,sea,99.74425
7434.jpg,buildings,98.605865
7435.jpg,mountain,90.93492
7438.jpg,glacier,96.45095
7444.jpg,sea,97.54151
7446.jpg,glacier,68.6254
745.jpg,buildings,97.78029
7460.jpg,buildings,99.906555
7465.jpg,glacier,97.781525
7466.jpg,glacier,82.95086
7467.jpg,sea,56.44914
7468.jpg,street,84.05874
7472.jpg,forest,99.7881
7473.jpg,forest,99.99201
7476.jpg,sea,94.82527
7477.jpg,forest,99.99924
7480.jpg,mountain,98.70423
7481.jpg,mountain,55.98722
7483.jpg,forest,99.1447
7484.jpg,sea,98.62053
7486.jpg,street,92.62359
7488.jpg,buildings,99.88971
7489.jpg,glacier,98.768166
7497.jpg,glacier,99.761604
7504.jpg,mountain,98.36315
7508.jpg,buildings,98.1323
7510.jpg,glacier,98.95704
7511.jpg,sea,77.951645
7513.jpg,buildings,97.089226
7514.jpg,glacier,95.504814
7515.jpg,glacier,81.93382
7516.jpg,mountain,97.57831
7517.jpg,buildings,94.78683
7519.jpg,mountain,99.83908
7521.jpg,mountain,97.75814
7524.jpg,buildings,99.2572
7526.jpg,mountain,64.27716
7528.jpg,glacier,94.776474
7534.jpg,sea,99.95416
7536.jpg,street,98.144424
754.jpg,forest,99.99627
7540.jpg,buildings,99.82565
7548.jpg,forest,99.881516
7554.jpg,buildings,99.99915
7555.jpg,glacier,85.352196
7557.jpg,mountain,98.09271
7564.jpg,buildings,99.99846
7566.jpg,sea,99.94178
7567.jpg,sea,99.94715
7568.jpg,glacier,36.205982
7572.jpg,sea,99.96753
7575.jpg,sea,99.60061
7577.jpg,buildings,81.61124
7579.jpg,street,99.674194
7583.jpg,sea,99.0063
7589.jpg,buildings,99.99883
7592.jpg,buildings,98.25667
7597.jpg,street,99.94168
76.jpg,mountain,74.6309
760.jpg,mountain,97.756905
7605.jpg,street,99.96407
7606.jpg,sea,47.93494
7607.jpg,glacier,86.685905
7608.jpg,street,63.99995
761.jpg,glacier,92.20874
7611.jpg,forest,99.850105
7613.jpg,buildings,99.99971
7614.jpg,street,99.94231
7619.jpg,mountain,99.57448
7622.jpg,sea,99.77268
7623.jpg,mountain,91.86449
7624.jpg,mountain,74.039154
7631.jpg,buildings,99.99814
7640.jpg,mountain,81.770996
7643.jpg,forest,99.98298
7649.jpg,mountain,97.97227
7650.jpg,forest,99.98682
7651.jpg,mountain,93.943306
7657.jpg,mountain,99.76139
766.jpg,sea,99.4537
7660.jpg,glacier,94.63107
7661.jpg,buildings,99.99854
7663.jpg,forest,99.99441
7670.jpg,forest,99.95805
7676.jpg,glacier,99.96168
7680.jpg,mountain,86.874466
7682.jpg,mountain,75.96184
7684.jpg,mountain,68.35036
7685.jpg,sea,99.969696
7688.jpg,mountain,98.98307
7690.jpg,sea,99.91021
7691.jpg,sea,95.595024
7697.jpg,forest,99.92001
77.jpg,buildings,30.165302
7705.jpg,buildings,97.47525
7707.jpg,sea,80.94327
7714.jpg,sea,98.50589
7723.jpg,street,99.99989
7729.jpg,street,99.72135
7732.jpg,sea,98.551834
7733.jpg,forest,99.991714
7736.jpg,buildings,99.97863
7737.jpg,buildings,98.3539
7738.jpg,sea,99.6788
7739.jpg,glacier,97.8694
774.jpg,sea,99.427864
7740.jpg,glacier,66.29063
7743.jpg,street,99.854515
7750.jpg,street,99.97664
7752.jpg,glacier,88.63191
7753.jpg,buildings,99.99369
7757.jpg,glacier,79.027336
7761.jpg,mountain,97.95177
7762.jpg,buildings,99.929855
7765.jpg,glacier,98.72128
7766.jpg,buildings,98.40549
7768.jpg,buildings,99.999985
777.jpg,mountain,69.07176
7770.jpg,street,99.80896
7772.jpg,forest,99.978645
7776.jpg,mountain,96.60841
7778.jpg,glacier,92.45187
7779.jpg,forest,99.960045
7782.jpg,sea,99.59866
7783.jpg,street,99.55013
7789.jpg,forest,99.971016
779.jpg,glacier,99.97456
7792.jpg,forest,98.04945
7794.jpg,mountain,94.8069
7796.jpg,forest,99.99612
7797.jpg,forest,99.912224
7800.jpg,forest,97.36641
7804.jpg,street,98.224335
7808.jpg,sea,99.87735
7809.jpg,buildings,99.431816
7811.jpg,glacier,98.73361
7815.jpg,forest,99.992226
7817.jpg,buildings,99.14661
7824.jpg,glacier,99.7721
7830.jpg,glacier,98.524345
7832.jpg,forest,99.97396
7835.jpg,glacier,99.972496
7843.jpg,street,99.9782
7844.jpg,glacier,99.99686
785.jpg,glacier,99.997246
7855.jpg,glacier,99.83222
7857.jpg,buildings,73.71089
7858.jpg,buildings,98.490555
7862.jpg,mountain,95.3693
7864.jpg,mountain,97.54892
7866.jpg,sea,99.95337
7867.jpg,glacier,99.693825
7869.jpg,buildings,92.19155
787.jpg,forest,99.86661
7870.jpg,forest,97.30873
7871.jpg,glacier,98.20953
7878.jpg,glacier,99.98248
788.jpg,mountain,98.857704
7880.jpg,mountain,98.18938
7883.jpg,sea,93.63135
7887.jpg,mountain,98.83957
7894.jpg,glacier,77.58658
7895.jpg,street,94.55435
7896.jpg,mountain,99.64069
7898.jpg,buildings,99.99038
79.jpg,sea,49.20339
7903.jpg,buildings,99.64258
7904.jpg,buildings,99.97969
7905.jpg,mountain,86.053925
7907.jpg,street,93.395744
7911.jpg,buildings,82.45955
7917.jpg,buildings,99.99684
7918.jpg,forest,99.828835
792.jpg,glacier,99.94823
7920.jpg,glacier,99.99479
7921.jpg,glacier,85.04512
7923.jpg,glacier,99.8459
7925.jpg,mountain,98.54972
7933.jpg,forest,99.99622
7934.jpg,glacier,99.23942
7938.jpg,glacier,65.99848
794.jpg,forest,99.980804
7943.jpg,glacier,99.687515
7945.jpg,mountain,64.95155
7954.jpg,buildings,99.299416
7957.jpg,buildings,93.36773
7958.jpg,buildings,81.40786
7964.jpg,buildings,99.54773
7968.jpg,sea,99.639145
7969.jpg,sea,99.9632
797.jpg,street,97.45681
7970.jpg,sea,99.95346
7974.jpg,buildings,92.67125
7975.jpg,sea,79.44782
7976.jpg,buildings,99.99707
7978.jpg,sea,68.050545
798.jpg,sea,99.98204
7983.jpg,glacier,99.21176
7986.jpg,mountain,99.77672
7987.jpg,mountain,98.65074
7988.jpg,forest,99.98779
7989.jpg,sea,96.774414
799.jpg,forest,99.60704
7991.jpg,sea,99.69613
7995.jpg,buildings,82.82167
8000.jpg,street,99.99517
8002.jpg,glacier,98.60816
8004.jpg,buildings,99.52958
8007.jpg,glacier,90.649796
8008.jpg,mountain,84.95798
8010.jpg,forest,99.98733
8011.jpg,forest,99.997154
8012.jpg,street,99.21172
8013.jpg,forest,99.44804
8015.jpg,street,99.93683
8017.jpg,glacier,99.97894
802.jpg,mountain,99.50426
8020.jpg,forest,99.841545
8024.jpg,street,99.96368
803.jpg,glacier,96.99049
8030.jpg,mountain,98.99992
8035.jpg,glacier,86.77161
8037.jpg,forest,99.06642
8040.jpg,buildings,99.12265
8046.jpg,sea,99.52107
8050.jpg,street,99.98618
8052.jpg,glacier,99.65408
8057.jpg,sea,99.9738
8059.jpg,street,99.98756
806.jpg,mountain,98.51055
8066.jpg,street,99.88182
8067.jpg,street,67.95751
8068.jpg,buildings,94.59249
8071.jpg,mountain,54.873215
8072.jpg,buildings,99.49674
8075.jpg,mountain,96.611694
8078.jpg,street,99.99966
8079.jpg,glacier,98.410515
8080.jpg,buildings,100.0
8082.jpg,mountain,98.949265
8083.jpg,sea,98.658646
8085.jpg,buildings,96.059364
8091.jpg,buildings,99.65047
8094.jpg,sea,97.64603
8097.jpg,mountain,91.16994
8099.jpg,sea,96.11018
81.jpg,glacier,97.46791
8101.jpg,buildings,92.63576
8106.jpg,buildings,73.48254
8108.jpg,buildings,99.0998
811.jpg,buildings,79.31594
8110.jpg,forest,99.99964
8117.jpg,mountain,92.241776
812.jpg,mountain,95.97816
8123.jpg,forest,99.95001
8127.jpg,sea,96.02794
8128.jpg,glacier,42.877945
8133.jpg,forest,99.99735
8134.jpg,forest,99.61876
8135.jpg,glacier,36.701237
8141.jpg,buildings,99.95612
8142.jpg,street,96.76789
8144.jpg,forest,99.99758
8147.jpg,mountain,87.58952
8149.jpg,sea,99.9469
8150.jpg,glacier,76.97811
8154.jpg,forest,72.85125
8155.jpg,glacier,97.96354
8157.jpg,glacier,97.14844
8158.jpg,street,99.64789
8160.jpg,mountain,93.677345
8164.jpg,sea,98.88939
8167.jpg,mountain,82.484344
8168.jpg,mountain,98.9531
817.jpg,mountain,94.59875
8173.jpg,street,99.711975
8174.jpg,sea,99.594894
8175.jpg,sea,99.903145
8176.jpg,buildings,99.06764
818.jpg,glacier,99.84222
8180.jpg,forest,99.997734
8182.jpg,sea,99.956055
8184.jpg,sea,99.96135
8186.jpg,mountain,94.84279
819.jpg,glacier,97.33589
8190.jpg,sea,99.95323
8197.jpg,sea,99.822395
8215.jpg,street,76.83491
8221.jpg,street,98.252594
8226.jpg,street,99.75609
8240.jpg,glacier,99.70043
8247.jpg,street,98.68029
8249.jpg,street,99.99192
825.jpg,mountain,82.572296
8251.jpg,forest,99.92349
8257.jpg,glacier,99.987854
8258.jpg,sea,88.56462
826.jpg,glacier,78.74997
8263.jpg,sea,99.98005
8264.jpg,glacier,99.47506
8265.jpg,forest,99.98987
8267.jpg,street,99.99355
8268.jpg,sea,68.599365
8270.jpg,glacier,99.49579
8272.jpg,forest,52.6087
8279.jpg,street,99.73641
828.jpg,buildings,63.31715
8282.jpg,mountain,99.072136
8284.jpg,buildings,96.055046
8285.jpg,mountain,71.423225
8286.jpg,glacier,97.98701
8287.jpg,buildings,59.194164
8288.jpg,street,99.981895
8289.jpg,mountain,98.29813
8290.jpg,sea,97.94118
830.jpg,mountain,98.75242
8303.jpg,mountain,99.16924
8305.jpg,street,99.98225
831.jpg,forest,99.92233
8310.jpg,buildings,99.78264
8315.jpg,street,99.79546
8316.jpg,buildings,80.3221
8317.jpg,forest,99.71322
8319.jpg,sea,79.705666
832.jpg,mountain,54.76075
8320.jpg,mountain,99.9274
8321.jpg,buildings,77.19683
8325.jpg,mountain,66.15993
8326.jpg,buildings,43.795887
833.jpg,mountain,99.956795
8330.jpg,mountain,96.20175
8332.jpg,street,90.67084
8339.jpg,street,96.7012
8341.jpg,street,96.47007
8347.jpg,street,89.4249
8359.jpg,glacier,99.91892
836.jpg,sea,97.7457
8361.jpg,forest,99.99598
8368.jpg,forest,99.34191
8369.jpg,glacier,96.57362
837.jpg,buildings,99.97454
8370.jpg,mountain,75.407646
8378.jpg,buildings,83.98519
8383.jpg,mountain,96.281906
839.jpg,mountain,79.03207
8391.jpg,forest,99.453125
8395.jpg,mountain,97.368546
8398.jpg,glacier,86.56796
84.jpg,mountain,99.35171
8400.jpg,forest,99.99375
8401.jpg,sea,99.663864
8403.jpg,forest,99.97485
8405.jpg,glacier,99.57108
841.jpg,glacier,53.4182
8414.jpg,forest,99.55128
8416.jpg,glacier,99.9853
8417.jpg,mountain,98.99379
8423.jpg,street,99.88598
8426.jpg,forest,94.88902
8429.jpg,forest,99.99021
8432.jpg,mountain,65.82824
8440.jpg,sea,99.86691
8443.jpg,sea,99.97285
8449.jpg,forest,99.77361
8451.jpg,street,91.305244
8454.jpg,sea,99.95357
8456.jpg,buildings,99.96187
8461.jpg,street,62.526237
8463.jpg,buildings,97.96658
8464.jpg,sea,99.38659
8465.jpg,glacier,68.73928
8467.jpg,buildings,99.98417
8468.jpg,glacier,55.43031
8476.jpg,forest,99.85605
8482.jpg,mountain,89.21251
8483.jpg,mountain,99.97704
8489.jpg,forest,99.99763
849.jpg,buildings,99.92151
8490.jpg,forest,99.995
8491.jpg,street,88.81561
8493.jpg,buildings,99.198456
8496.jpg,mountain,82.09418
8504.jpg,glacier,99.99495
8505.jpg,glacier,93.11649
8506.jpg,street,99.974976
8507.jpg,street,99.998795
8508.jpg,glacier,62.86887
8512.jpg,street,96.03793
8516.jpg,glacier,99.69216
8520.jpg,glacier,97.25194
8522.jpg,buildings,95.65359
8523.jpg,sea,92.68294
8524.jpg,buildings,99.86073
8534.jpg,street,99.785774
854.jpg,buildings,93.97133
8546.jpg,forest,99.97503
8550.jpg,sea,99.978325
8551.jpg,buildings,98.43652
8552.jpg,buildings,99.987366
8555.jpg,sea,98.18225
8560.jpg,glacier,96.455826
8568.jpg,street,89.75365
8570.jpg,mountain,93.91479
8572.jpg,glacier,80.71037
8574.jpg,forest,99.99693
8576.jpg,buildings,97.251205
8578.jpg,sea,98.80961
858.jpg,glacier,49.458225
8582.jpg,sea,99.96749
8583.jpg,glacier,99.489555
8586.jpg,sea,99.56018
8593.jpg,street,79.98872
8597.jpg,mountain,70.68641
8609.jpg,sea,98.2152
8614.jpg,glacier,99.96609
862.jpg,sea,99.18849
8620.jpg,mountain,91.85548
8625.jpg,mountain,64.335915
863.jpg,mountain,94.88701
8632.jpg,sea,99.88079
8638.jpg,buildings,52.10703
8642.jpg,sea,99.231575
8645.jpg,glacier,64.78268
8646.jpg,street,99.17414
8649.jpg,buildings,99.98018
8650.jpg,forest,99.55147
8651.jpg,sea,90.38174
8652.jpg,forest,99.99063
8654.jpg,street,99.35959
8664.jpg,mountain,71.020805
8665.jpg,sea,99.77332
8666.jpg,mountain,91.1317
8667.jpg,street,99.99714
8672.jpg,sea,99.62541
8675.jpg,mountain,95.54467
8677.jpg,sea,99.97352
8678.jpg,street,99.70324
8680.jpg,glacier,99.99971
8681.jpg,glacier,99.7115
870.jpg,mountain,99.09023
8700.jpg,forest,99.74704
8704.jpg,street,77.6251
8710.jpg,buildings,99.8558
8715.jpg,mountain,51.431786
8718.jpg,glacier,99.997856
8721.jpg,forest,99.99542
8722.jpg,mountain,96.73565
8726.jpg,street,99.666306
8729.jpg,forest,99.956665
873.jpg,glacier,97.56842
8730.jpg,glacier,99.31555
8736.jpg,forest,99.36773
875.jpg,mountain,63.83789
8753.jpg,buildings,99.51769
8758.jpg,forest,99.973755
8759.jpg,mountain,52.387077
8763.jpg,buildings,96.78616
8765.jpg,mountain,89.864334
8770.jpg,street,98.80747
8772.jpg,glacier,85.36327
8776.jpg,forest,99.36196
8781.jpg,street,74.79809
8783.jpg,glacier,99.556915
8784.jpg,mountain,96.72071
8785.jpg,forest,99.86124
8789.jpg,sea,99.96611
8795.jpg,buildings,96.92524
8799.jpg,forest,99.813286
88.jpg,forest,99.99754
8802.jpg,glacier,99.9846
8804.jpg,buildings,63.058887
8806.jpg,buildings,99.75303
8808.jpg,sea,98.52327
8809.jpg,street,99.98961
881.jpg,glacier,99.98936
8812.jpg,forest,99.99228
8814.jpg,sea,99.60126
8815.jpg,forest,98.71956
8817.jpg,sea,85.26848
8820.jpg,mountain,96.16943
8823.jpg,sea,99.77167
8828.jpg,buildings,99.536934
8829.jpg,glacier,99.96086
8833.jpg,forest,99.880424
8836.jpg,sea,89.3738
8839.jpg,mountain,89.236145
8840.jpg,mountain,71.08569
8846.jpg,glacier,99.99127
8849.jpg,sea,99.94493
885.jpg,glacier,96.48527
8851.jpg,glacier,99.53975
8852.jpg,street,86.256096
8853.jpg,sea,99.83096
8858.jpg,forest,98.79004
8865.jpg,mountain,93.228546
8869.jpg,mountain,99.43683
8873.jpg,street,99.9101
8874.jpg,street,99.96649
8875.jpg,mountain,74.29252
8877.jpg,forest,93.91286
888.jpg,street,93.735985
8887.jpg,glacier,84.96106
8888.jpg,sea,99.828545
8892.jpg,mountain,64.82077
8893.jpg,forest,99.2512
8894.jpg,glacier,99.9414
890.jpg,forest,63.142975
8910.jpg,mountain,72.08364
8911.jpg,street,92.05679
8916.jpg,sea,99.68209
8917.jpg,street,99.96699
8926.jpg,forest,99.948395
8929.jpg,street,99.930595
8935.jpg,street,99.77396
8936.jpg,mountain,91.158646
8941.jpg,forest,99.97157
8943.jpg,sea,99.345436
8944.jpg,forest,99.96955
8945.jpg,buildings,99.962296
8946.jpg,buildings,91.87945
895.jpg,glacier,92.53377
8951.jpg,glacier,99.99752
8956.jpg,sea,99.992584
896.jpg,mountain,75.96443
8967.jpg,sea,99.93418
8968.jpg,buildings,99.963936
8969.jpg,forest,99.64509
8971.jpg,mountain,88.928635
8972.jpg,glacier,99.99938
8973.jpg,glacier,96.48926
8979.jpg,glacier,99.07404
8983.jpg,street,99.85776
8986.jpg,mountain,98.3285
8988.jpg,forest,99.98976
8989.jpg,buildings,99.48661
8990.jpg,forest,99.95739
8992.jpg,street,98.147026
8997.jpg,glacier,88.82786
900.jpg,street,99.87345
9001.jpg,sea,90.6765
9005.jpg,glacier,99.645355
9010.jpg,street,99.9655
902.jpg,street,99.96601
9020.jpg,sea,99.37875
9021.jpg,mountain,98.965744
9022.jpg,glacier,95.95172
9024.jpg,forest,69.185905
9026.jpg,street,92.6807
9027.jpg,sea,99.45928
9028.jpg,mountain,98.130196
9030.jpg,mountain,61.207558
9031.jpg,mountain,59.47811
9038.jpg,forest,99.99947
9039.jpg,street,99.973526
9041.jpg,sea,98.34516
9047.jpg,buildings,99.87134
905.jpg,mountain,99.12664
9052.jpg,street,99.42778
9053.jpg,forest,99.97913
9056.jpg,glacier,72.05824
9062.jpg,sea,97.354225
9063.jpg,sea,96.96876
9066.jpg,street,99.99169
9075.jpg,sea,99.176765
9081.jpg,buildings,54.25455
9082.jpg,buildings,98.745415
9084.jpg,forest,98.165474
9085.jpg,mountain,99.73654
9086.jpg,mountain,95.723465
9092.jpg,street,73.05744
9094.jpg,forest,99.98315
9098.jpg,buildings,99.011246
9100.jpg,sea,99.88882
9101.jpg,glacier,96.817055
9107.jpg,street,99.47781
911.jpg,mountain,79.45517
9110.jpg,street,97.29882
9111.jpg,sea,99.08008
9113.jpg,glacier,87.04228
9115.jpg,glacier,98.58489
9121.jpg,glacier,49.044147
9122.jpg,sea,96.68846
9123.jpg,forest,99.99776
9128.jpg,sea,99.85371
913.jpg,street,96.79128
9130.jpg,street,81.54168
9131.jpg,buildings,97.58044
9132.jpg,sea,99.653625
9134.jpg,sea,99.94628
9136.jpg,street,99.988556
9138.jpg,street,70.83475
9139.jpg,mountain,99.907616
9143.jpg,mountain,84.94674
9144.jpg,glacier,99.9703
9145.jpg,street,99.984634
9150.jpg,glacier,81.62932
9154.jpg,sea,91.68785
9161.jpg,buildings,99.92656
9162.jpg,forest,99.994934
9165.jpg,sea,95.5784
9168.jpg,mountain,94.86782
917.jpg,sea,95.41983
9170.jpg,forest,99.99957
9175.jpg,sea,96.39634
9177.jpg,buildings,99.98739
9178.jpg,forest,99.88439
918.jpg,mountain,97.34618
9181.jpg,buildings,99.91871
9183.jpg,sea,83.41176
9187.jpg,street,99.9707
919.jpg,forest,99.88348
9194.jpg,mountain,81.593506
9197.jpg,buildings,99.99635
920.jpg,buildings,99.99816
9200.jpg,buildings,89.56528
9203.jpg,glacier,99.58611
9204.jpg,mountain,63.062794
9205.jpg,glacier,85.19381
9207.jpg,sea,96.6803
921.jpg,forest,99.99971
9210.jpg,buildings,69.094894
9212.jpg,sea,99.926346
9215.jpg,street,98.98189
9225.jpg,glacier,84.27438
9226.jpg,forest,78.27545
9227.jpg,sea,99.913956
9235.jpg,forest,99.95401
9237.jpg,street,89.96958
924.jpg,mountain,55.707275
9240.jpg,sea,81.58617
9242.jpg,forest,99.99947
9244.jpg,sea,93.58705
9245.jpg,mountain,99.866295
9247.jpg,glacier,96.9579
9248.jpg,forest,99.38
9254.jpg,mountain,99.93538
9255.jpg,mountain,87.92115
9257.jpg,glacier,99.94323
9259.jpg,buildings,99.365616
926.jpg,glacier,98.1644
9261.jpg,street,99.99879
9264.jpg,forest,99.91255
9265.jpg,buildings,99.73276
9268.jpg,sea,54.701458
927.jpg,glacier,97.773766
9270.jpg,forest,55.33542
9272.jpg,sea,99.97339
9280.jpg,mountain,96.10717
9284.jpg,glacier,97.226555
9288.jpg,mountain,40.825268
9293.jpg,forest,99.966255
9294.jpg,forest,99.99587
9295.jpg,street,99.99937
9296.jpg,buildings,99.54145
93.jpg,street,99.85851
930.jpg,glacier,98.19578
9302.jpg,sea,99.791245
9303.jpg,mountain,96.052605
9314.jpg,forest,99.99902
9315.jpg,mountain,98.59819
9316.jpg,glacier,99.99943
9318.jpg,forest,99.96276
9326.jpg,mountain,75.87802
9328.jpg,glacier,99.38829
9331.jpg,street,99.98404
9333.jpg,sea,99.97413
9336.jpg,mountain,67.07053
9337.jpg,street,82.679436
9341.jpg,forest,99.998535
9347.jpg,mountain,84.32453
935.jpg,buildings,99.95987
9354.jpg,sea,99.88979
936.jpg,sea,99.813484
9361.jpg,street,99.80101
9371.jpg,buildings,64.0171
9373.jpg,buildings,99.70018
9374.jpg,glacier,99.49426
9379.jpg,mountain,97.82935
9380.jpg,forest,99.69662
9382.jpg,buildings,99.997734
9384.jpg,mountain,99.770905
9386.jpg,buildings,98.71891
939.jpg,glacier,92.08029
9390.jpg,sea,99.68106
9391.jpg,mountain,92.90297
9392.jpg,street,97.946724
9397.jpg,street,61.073296
9398.jpg,glacier,99.15343
940.jpg,mountain,79.665276
9402.jpg,glacier,99.997154
9403.jpg,glacier,87.34539
9405.jpg,mountain,98.4327
9411.jpg,forest,98.99152
9414.jpg,mountain,97.04739
9421.jpg,sea,99.93573
9424.jpg,forest,88.89824
9427.jpg,buildings,99.999916
9428.jpg,street,74.028824
9429.jpg,buildings,87.84119
9431.jpg,sea,99.9717
9433.jpg,forest,99.986435
9435.jpg,mountain,99.857605
9436.jpg,mountain,99.85469
9437.jpg,sea,99.89563
9438.jpg,street,94.72006
944.jpg,forest,99.93887
9440.jpg,buildings,85.23681
9443.jpg,glacier,97.11463
9451.jpg,mountain,95.87088
9452.jpg,forest,97.790855
9453.jpg,street,67.27669
9461.jpg,glacier,99.085945
9465.jpg,buildings,99.99981
9469.jpg,sea,85.949265
9470.jpg,mountain,97.197136
9471.jpg,street,99.45901
9476.jpg,buildings,90.11236
9477.jpg,forest,99.980446
9479.jpg,mountain,98.3234
948.jpg,glacier,86.18316
9486.jpg,sea,60.65496
9488.jpg,glacier,72.42252
949.jpg,buildings,99.889626
9491.jpg,buildings,99.99353
950.jpg,buildings,70.886955
9500.jpg,forest,99.80627
9505.jpg,mountain,99.87707
9508.jpg,mountain,85.87965
9509.jpg,sea,99.92649
951.jpg,mountain,99.20996
9511.jpg,street,95.87153
9513.jpg,glacier,58.7848
9515.jpg,street,99.529945
952.jpg,buildings,97.459656
9523.jpg,sea,64.94925
9524.jpg,buildings,67.24461
9529.jpg,sea,98.128136
9538.jpg,sea,80.99298
9542.jpg,glacier,81.316956
9543.jpg,street,79.27748
9545.jpg,glacier,99.99525
9546.jpg,mountain,97.93322
9550.jpg,forest,99.97242
9552.jpg,sea,88.28194
9554.jpg,sea,94.593445
9556.jpg,glacier,99.94576
9557.jpg,forest,99.99243
9559.jpg,sea,80.35819
9562.jpg,glacier,96.53456
9565.jpg,mountain,97.417984
957.jpg,forest,99.08414
9572.jpg,forest,99.67876
9582.jpg,sea,99.85247
9590.jpg,glacier,99.92453
9591.jpg,glacier,85.65276
9593.jpg,glacier,99.765755
9594.jpg,glacier,60.198658
9596.jpg,street,99.928185
9598.jpg,forest,99.96051
9599.jpg,mountain,51.585762
9607.jpg,glacier,51.35375
961.jpg,buildings,99.06102
9612.jpg,buildings,81.79757
9614.jpg,mountain,82.551834
9617.jpg,glacier,99.881386
9618.jpg,sea,98.80426
9619.jpg,buildings,99.648605
9623.jpg,forest,97.532555
9624.jpg,street,99.788956
9626.jpg,sea,99.742485
9629.jpg,sea,99.62707
9630.jpg,buildings,63.05541
9638.jpg,buildings,99.998604
9640.jpg,street,99.78037
9641.jpg,buildings,75.382484
9651.jpg,forest,98.71095
9654.jpg,sea,99.65873
9660.jpg,glacier,99.96526
9661.jpg,forest,98.3642
9665.jpg,buildings,99.86414
9668.jpg,sea,99.450066
9677.jpg,forest,99.98462
9678.jpg,sea,99.952385
9679.jpg,street,99.92095
9683.jpg,sea,96.37945
9688.jpg,mountain,93.462906
9691.jpg,sea,99.950325
9694.jpg,buildings,63.56306
9697.jpg,forest,99.99769
9700.jpg,forest,99.84768
9702.jpg,glacier,49.689987
9710.jpg,mountain,96.65963
9711.jpg,mountain,98.81791
9712.jpg,glacier,50.603558
9713.jpg,sea,99.891495
9721.jpg,street,99.99091
9723.jpg,glacier,50.298023
9724.jpg,buildings,99.98697
9727.jpg,sea,69.944725
973.jpg,mountain,84.827415
9730.jpg,mountain,87.802704
9732.jpg,street,99.43673
9735.jpg,buildings,99.686806
9738.jpg,street,87.87767
9743.jpg,glacier,81.724365
9747.jpg,sea,84.77072
975.jpg,sea,99.924965
9765.jpg,mountain,86.919655
9772.jpg,sea,99.411064
9775.jpg,glacier,86.82956
9777.jpg,buildings,99.993065
9783.jpg,glacier,49.71205
9786.jpg,sea,99.87146
9790.jpg,sea,99.60887
9791.jpg,mountain,97.79183
9792.jpg,glacier,99.633514
9794.jpg,sea,99.82233
9795.jpg,buildings,99.99186
9796.jpg,street,88.86505
9802.jpg,mountain,73.75507
9803.jpg,glacier,93.734085
9804.jpg,glacier,77.47574
9809.jpg,street,99.923515
9816.jpg,street,99.986755
9818.jpg,street,96.27683
9823.jpg,buildings,99.97119
9824.jpg,buildings,96.710495
9826.jpg,mountain,89.80514
9827.jpg,street,99.93696
9828.jpg,glacier,90.847305
9829.jpg,buildings,63.867523
983.jpg,forest,99.99609
9834.jpg,glacier,59.11986
9836.jpg,street,99.851006
9837.jpg,forest,99.99826
9844.jpg,mountain,95.53182
9845.jpg,street,99.67541
9849.jpg,sea,99.65465
985.jpg,glacier,96.20922
9854.jpg,forest,99.988365
9855.jpg,glacier,99.96244
9858.jpg,forest,99.982765
9864.jpg,street,98.27491
9865.jpg,mountain,95.55983
987.jpg,street,99.92455
9870.jpg,glacier,99.998344
9873.jpg,mountain,93.927185
9876.jpg,glacier,99.33642
9882.jpg,buildings,98.71097
9886.jpg,mountain,97.045296
9887.jpg,mountain,96.47627
9889.jpg,mountain,95.99442
989.jpg,buildings,99.630264
9897.jpg,street,99.15486
99.jpg,forest,99.39851
9900.jpg,glacier,89.30283
9902.jpg,sea,99.99133
9909.jpg,glacier,97.864845
9914.jpg,glacier,85.66817
9915.jpg,buildings,99.999985
9917.jpg,street,96.71227
9920.jpg,glacier,99.6207
9933.jpg,glacier,76.994606
9936.jpg,sea,88.017914
9939.jpg,forest,99.99958
9940.jpg,sea,99.990105
9945.jpg,mountain,96.750534
9947.jpg,buildings,71.53023
9949.jpg,forest,99.98549
995.jpg,forest,99.99925
9950.jpg,street,99.61931
9954.jpg,street,55.67581
996.jpg,mountain,99.53212
9960.jpg,mountain,75.78744
9963.jpg,street,99.80443
9972.jpg,street,66.14843
9973.jpg,sea,98.24449
9975.jpg,glacier,90.08525
9976.jpg,glacier,99.336205
9982.jpg,street,67.23843
9986.jpg,glacier,65.13202
9987.jpg,street,99.95814
9988.jpg,street,99.94013
9992.jpg,forest,99.99704
9993.jpg,mountain,87.65625
9995.jpg,forest,99.9771
9996.jpg,street,99.49167
